ccn,name,address,subtype,beds,bed_field,lat,lon,geocode_match,source
360006,Riverside Methodist Hospital,"3535 OLENTANGY RIVER RD, Columbus OH 43214",01,1000,BED_CNT,40.031811204532,-83.031224201721,"3535 OLENTANGY RIVER RD, COLUMBUS, OH, 43214","CMS POS Hospital & other Q2 2026 (data.cms.gov, file dated 2026-07-15); BED_CNT; geocode: Census geocoder (Public_AR_Current) unless noted"
360017,Grant Medical Center,"111 SOUTH GRANT AVENUE, Columbus OH 43215",01,645,BED_CNT,39.961126392759,-82.990717637342,"111 S GRANT AVE, COLUMBUS, OH, 43215","CMS POS Hospital & other Q2 2026 (data.cms.gov, file dated 2026-07-15); BED_CNT; geocode: Census geocoder (Public_AR_Current) unless noted"
360035-EAST,Mount Carmel East,"6001 EAST BROAD STREET, Columbus OH 43213",01,614,BED_CNT,39.979071075282,-82.84482872281,"6001 E BROAD ST, COLUMBUS, OH, 43213","CMS POS Hospital & other Q2 2026 (data.cms.gov, file dated 2026-07-15); BED_CNT; geocode: Census geocoder (Public_AR_Current) unless noted; beds split from CCN 360035 (937) by published campus figures East 400 / Grove City 210 (mountcarmelhealth.com/location/mount-carmel-east, /careers-and-resources/medical-campuses, read 2026-09-26)"
360035-GROVECITY,Mount Carmel Grove City,"5300 N Meadows Dr, Grove City OH 43123",01,323,BED_CNT,39.85550219078,-83.071575111987,"5300 N MEADOWS DR, GROVE CITY, OH, 43123","CMS POS Hospital & other Q2 2026 (data.cms.gov, file dated 2026-07-15); BED_CNT; geocode: Census geocoder (Public_AR_Current) unless noted; beds split from CCN 360035 (937) by published campus figures East 400 / Grove City 210 (mountcarmelhealth.com/location/mount-carmel-east, /careers-and-resources/medical-campuses, read 2026-09-26)"
360085,Ohio State University Hospitals,"410 WEST 10TH AVENUE, Columbus OH 43210",01,971,BED_CNT,39.994460972138,-83.015988321323,"410 W 10TH AVE, COLUMBUS, OH, 43210","CMS POS Hospital & other Q2 2026 (data.cms.gov, file dated 2026-07-15); BED_CNT; geocode: Census geocoder (Public_AR_Current) unless noted"
360152,Doctors Hospital,"5100 WEST  BROAD STREET, Columbus OH 43228",01,262,BED_CNT,39.951939168324,-83.136807773688,"5100 W BROAD ST, COLUMBUS, OH, 43228","CMS POS Hospital & other Q2 2026 (data.cms.gov, file dated 2026-07-15); BED_CNT; geocode: Census geocoder (Public_AR_Current) unless noted"
360242,James Cancer Hospital & Solove Research Institute,"460 WEST TENTH AVENUE, Columbus OH 43210",01,172,BED_CNT,39.99449326455,-83.016659575784,"460 W 10TH AVE, COLUMBUS, OH, 43210","CMS POS Hospital & other Q2 2026 (data.cms.gov, file dated 2026-07-15); BED_CNT; geocode: Census geocoder (Public_AR_Current) unless noted"
360266,Mount Carmel New Albany Surgical Hospital,"7333 SMITH'S MILL ROAD, New Albany OH 43054",01,42,BED_CNT,40.086302419799,-82.788898006505,"7333 SMITH'S MILL RD, NEW ALBANY, OH, 43054","CMS POS Hospital & other Q2 2026 (data.cms.gov, file dated 2026-07-15); BED_CNT; geocode: Census geocoder (Public_AR_Current) unless noted"
360348,Dublin Methodist Hospital,"7500 HOSPITAL AVENUE, Dublin OH 43016",01,107,BED_CNT,40.100336127564,-83.163158301845,"7500 HOSPITAL DR, DUBLIN, OH, 43016","CMS POS Hospital & other Q2 2026 (data.cms.gov, file dated 2026-07-15); BED_CNT; geocode: Census geocoder (Public_AR_Current) unless noted"
360375,Mount Carmel Dublin,"4105 EMERALD PKWY, Dublin OH 43016",01,30,BED_CNT,40.1109697,-83.0937006,"OSM Nominatim: 4105 Emerald Parkway, Dublin (Census geocoder: no match)","CMS POS Hospital & other Q2 2026 (data.cms.gov, file dated 2026-07-15); BED_CNT; geocode: Census geocoder (Public_AR_Current) unless noted"
362022,"Select Specialty Hospital-Columbus, Inc","1087 DENNISON AVENUE, 2ND FLOOR, Columbus OH 43201",02,186,BED_CNT,39.983931467951,-83.008502780405,"1087 DENNISON AVE, COLUMBUS, OH, 43201","CMS POS Hospital & other Q2 2026 (data.cms.gov, file dated 2026-07-15); BED_CNT; geocode: Census geocoder (Public_AR_Current) unless noted"
362037,Select Specialty Hospital Columbus,"1430 SOUTH HIGH STREET, Columbus OH 43207",02,43,BED_CNT,39.932847252887,-82.995842114132,"1430 S HIGH ST, COLUMBUS, OH, 43207","CMS POS Hospital & other Q2 2026 (data.cms.gov, file dated 2026-07-15); BED_CNT; geocode: Census geocoder (Public_AR_Current) unless noted"
363037,Ohiohealth Rehabilitation Hospital,"1087 DENNISON AVENUE 4TH FLOOR, Columbus OH 43201",05,44,BED_CNT,39.983931467951,-83.008502780405,"1087 DENNISON AVE, COLUMBUS, OH, 43201","CMS POS Hospital & other Q2 2026 (data.cms.gov, file dated 2026-07-15); BED_CNT; geocode: Census geocoder (Public_AR_Current) unless noted"
363305,Nationwide Children'S Hospital,"700 CHILDREN'S DRIVE, Columbus OH 43205",06,378,BED_CNT,39.952230618319,-82.979597470837,"700 CHILDRENS DR, COLUMBUS, OH, 43205","CMS POS Hospital & other Q2 2026 (data.cms.gov, file dated 2026-07-15); BED_CNT; geocode: Census geocoder (Public_AR_Current) unless noted"
364007,Twin Valley Behavioral Healthcare,"2200 WEST BROAD STREET, Columbus OH 43223",04,176,BED_CNT,39.955758898257,-83.058049930784,"2200 W BROAD ST, COLUMBUS, OH, 43223","CMS POS Hospital & other Q2 2026 (data.cms.gov, file dated 2026-07-15); BED_CNT; geocode: Census geocoder (Public_AR_Current) unless noted"
364041,Ohio Hospital For Psychiatry,"880 GREENLAWN AVENUE, Columbus OH 43223",04,78,BED_CNT,39.939881368731,-83.01988283306,"880 GREENLAWN AVE, COLUMBUS, OH, 43223","CMS POS Hospital & other Q2 2026 (data.cms.gov, file dated 2026-07-15); BED_CNT; geocode: Census geocoder (Public_AR_Current) unless noted"
364049,Dublin Springs,"7625 HOSPITAL DRIVE, Dublin OH 43016",04,48,BED_CNT,40.09965323489,-83.165897922444,"7625 HOSPITAL DR, DUBLIN, OH, 43016","CMS POS Hospital & other Q2 2026 (data.cms.gov, file dated 2026-07-15); BED_CNT; geocode: Census geocoder (Public_AR_Current) unless noted"
364058,Sun Behavioral Columbus,"900 EAST DUBLIN GRANVILLE ROAD, Columbus OH 43229",04,54,BED_CNT,40.087938119658,-82.994474710932,"900 E DUBLIN GRANVILLE RD, COLUMBUS, OH, 43229","CMS POS Hospital & other Q2 2026 (data.cms.gov, file dated 2026-07-15); BED_CNT; geocode: Census geocoder (Public_AR_Current) unless noted"
364061,River Vista Health And Wellness Llc,"1599 ALUM CREEK DRIVE, Columbus OH 43209",04,80,BED_CNT,39.936642878266,-82.94235793607,"1599 ALUM CREEK DR, COLUMBUS, OH, 43209","CMS POS Hospital & other Q2 2026 (data.cms.gov, file dated 2026-07-15); BED_CNT; geocode: Census geocoder (Public_AR_Current) unless noted"
364062,Mount Carmel Behavioral Health,"4646 HILTON CORPORATE DRIVE, Columbus OH 43232",04,80,BED_CNT,39.934257568813,-82.875575611902,"4646 HILTON CORPORATE DR, COLUMBUS, OH, 43232","CMS POS Hospital & other Q2 2026 (data.cms.gov, file dated 2026-07-15); BED_CNT; geocode: Census geocoder (Public_AR_Current) unless noted"
