venue_id,name,lat,lon,coords_source,seats,seats_config,seats_source,events_per_year,events_basis,events_source,event_calendar_source,verify,notes
nationwide_arena,Nationwide Arena,39.969283,-83.006111,Wikipedia infobox (DMS 39 58 9.42 N / 83 0 22 W converted),18500,"hockey (19,500 w/ standing room; basketball 19,500; concert 20,000)",https://en.wikipedia.org/wiki/Nationwide_Arena (infobox cites nationwidearena.com Quick Facts; official site returned 403),70,"41 CBJ regular-season home games (2025-26) + 1 preseason home (2025-09-30) + 2 preseason home (2026-09-21, 2026-09-24) + 26 distinct non-hockey concert/comedy dates 2025-09-26..2026-09-25: 22 from setlist.fm plus 4 more from concertarchives.org (Katt Williams 9/26/25; Barry Manilow 1/18/26 and 3/6/26; Mike Epps 2/15/26). LOWER BOUND: family/ice shows, wrestling and other non-music events not captured. No playoffs (eliminated 2026-04-13).",https://en.wikipedia.org/wiki/2025%E2%80%9326_Columbus_Blue_Jackets_season ; https://www.nhl.com/bluejackets/news/columbus-blue-jackets-release-2026-preseason-schedule ; https://www.setlist.fm/venue/nationwide-arena-columbus-oh-usa-1bd63994.html ; https://www.concertarchives.org/venues/nationwide-arena,https://en.wikipedia.org/wiki/2025%E2%80%9326_Columbus_Blue_Jackets_season ; https://www.nhl.com/bluejackets/news/columbus-blue-jackets-release-2026-preseason-schedule ; https://www.setlist.fm/venue/nationwide-arena-columbus-oh-usa-1bd63994.html ; https://www.concertarchives.org/venues/nationwide-arena,[VERIFY] every value (draft 2026-09-26; window 2025-09-26..2026-09-25),Official nationwidearena.com calendar blocked (403); past non-sports events come from crowd-sourced concert databases
scottsmiracle_gro_field,ScottsMiracle-Gro Field (formerly Lower.com Field),39.96846,-83.01709,Wikipedia article (coordinates rendered from Wikidata),20371,soccer,https://en.wikipedia.org/wiki/ScottsMiracle-Gro_Field (also columbuscrew.com/stadium per search snippet),23,"Columbus Crew home matches at the stadium: 2 in late 2025 (MLS 2025-10-18; playoff Round One game 2 on 2025-11-02) + 20 in 2026 through 09-25 (13 MLS; 3 Leagues Cup 8/4, 8/7, 8/11; 3 U.S. Open Cup 4/29, 5/20, 9/16; 1 friendly vs Burnley 7/12) = 22; + 1 NWSL Challenge Cup final 2026-06-26 = 23. Not counted: Crew 2 (MLS Next Pro) first 6 home matches of 2026 were played here (dates unverified); any concerts/other events.",https://en.wikipedia.org/wiki/2025_Columbus_Crew_season ; https://en.wikipedia.org/wiki/2026_Columbus_Crew_season ; https://en.wikipedia.org/wiki/2026_NWSL_Challenge_Cup,https://en.wikipedia.org/wiki/2025_Columbus_Crew_season ; https://en.wikipedia.org/wiki/2026_Columbus_Crew_season ; https://en.wikipedia.org/wiki/2026_NWSL_Challenge_Cup,[VERIFY] every value (draft 2026-09-26; window 2025-09-26..2026-09-25),Renamed from Lower.com Field in 2025; a DIFFERENT stadium from Historic Crew Stadium. Possible +6 Crew 2 matches (small crowds).
ohio_stadium,Ohio Stadium,40.001667,-83.019722,Wikipedia infobox (DMS 40 0 6 N / 83 1 11 W converted),102780,football (since 2019),https://ohiostatebuckeyes.com/sports/2023/6/2/ohio-stadium (via search snippet; site 403) ; https://en.wikipedia.org/wiki/Ohio_Stadium,12,"OSU football home games: 4 in late 2025 (10/4, 11/1, 11/15, 11/22) + 2 in 2026 through 09-25 (9/5, 9/19) + spring game 2026-04-18 + spring commencement 2026-05-10 + 4 concerts (Luke Combs 4/25; Bruno Mars 5/20; Buckeye Country Superfest 6/13; AC/DC 7/15). The 2026-09-26 Illinois game falls one day outside the window.",https://en.wikipedia.org/wiki/2025_Ohio_State_Buckeyes_football_team ; https://en.wikipedia.org/wiki/2026_Ohio_State_Buckeyes_football_team ; https://ohiostatebuckeyes.com/news/2026/1/30/football-ohio-state-spring-game-scheduled-for-april-18 ; https://www.concertarchives.org/venues/ohio-stadium ; https://abc6onyourside.com/news/local/ohio-state-university-commencement-spring-2026-college-graduation-even-ohio-stadium-campus-parking-details-need-to-know,https://en.wikipedia.org/wiki/2025_Ohio_State_Buckeyes_football_team ; https://en.wikipedia.org/wiki/2026_Ohio_State_Buckeyes_football_team ; https://ohiostatebuckeyes.com/news/2026/1/30/football-ohio-state-spring-game-scheduled-for-april-18 ; https://www.concertarchives.org/venues/ohio-stadium ; https://abc6onyourside.com/news/local/ohio-state-university-commencement-spring-2026-college-graduation-even-ohio-stadium-campus-parking-details-need-to-know,[VERIFY] every value (draft 2026-09-26; window 2025-09-26..2026-09-25),Spring game drew about 40k; commencement unticketed. Very high per-event demand.
value_city_arena,Value City Arena at the Jerome Schottenstein Center,40.007511,-83.025102,Wikipedia infobox,18809,"OSU basketball configuration (arena: 19,500 basketball; 17,500 hockey; 20,000+ concert)",https://en.wikipedia.org/wiki/Value_City_Arena (infobox cites ohiostatebuckeyes.com 2009 facility page),73,"OSU men's basketball 18 home (incl. 2025-10-26 vs Ohio) + women's basketball 19 home (incl. NCAA tournament games 3/21 and 3/23) + men's ice hockey 17 home + 18 distinct concert/show dates 2025-09-26..2026-09-25 (setlist.fm) + autumn commencement 2025-12-21. No date collisions. LOWER BOUND: non-music events (family shows, other sports, other graduations) not captured.",https://en.wikipedia.org/wiki/2025%E2%80%9326_Ohio_State_Buckeyes_men%27s_basketball_team ; https://en.wikipedia.org/wiki/2025%E2%80%9326_Ohio_State_Buckeyes_women%27s_basketball_team ; https://en.wikipedia.org/wiki/2025%E2%80%9326_Ohio_State_Buckeyes_men%27s_ice_hockey_season ; https://www.setlist.fm/venue/value-city-arena-columbus-oh-usa-23d3d043.html ; https://news.osu.edu/ohio-state-prepares-to-celebrate-3600-students-during-autumn-commencement/,https://en.wikipedia.org/wiki/2025%E2%80%9326_Ohio_State_Buckeyes_men%27s_basketball_team ; https://en.wikipedia.org/wiki/2025%E2%80%9326_Ohio_State_Buckeyes_women%27s_basketball_team ; https://en.wikipedia.org/wiki/2025%E2%80%9326_Ohio_State_Buckeyes_men%27s_ice_hockey_season ; https://www.setlist.fm/venue/value-city-arena-columbus-oh-usa-23d3d043.html ; https://news.osu.edu/ohio-state-prepares-to-celebrate-3600-students-during-autumn-commencement/,[VERIFY] every value (draft 2026-09-26; window 2025-09-26..2026-09-25),"18,809 = reduced OSU basketball capacity (3/7/26 vs Indiana drew exactly 18,809). schottensteincenter.com calendar not checked for past events."
greater_columbus_convention_center,Greater Columbus Convention Center,39.9716,-83.0005,Wikipedia article (coordinates rendered from Wikidata; 4 dp),,"no fixed seats: 447,000 sq ft exhibit (373,000 contiguous); Battelle Grand ballroom 74,000 sq ft (2,520 theater on main floor per capacity chart; Wikipedia lists 6,864 seats)",https://en.wikipedia.org/wiki/Greater_Columbus_Convention_Center ; https://s3.us-east-1.amazonaws.com/uploads.thevendry.co/23052/1680097186614_GCCC_capacity_charts.pdf,,PAST 12 MONTHS NOT PUBLISHED: the official event feed lists only current/future events (earliest 2026-06-20). Forward proxy from the same feed: 98 events / 201 event-days starting 2026-09-26..2027-09-25 (partial; private meetings likely excluded).,https://greatercolumbus-web.ungerboeck.com/Digital_Services/api/events/getall?orgcode=10 (feed behind https://columbusconventions.com/calendar/),https://greatercolumbus-web.ungerboeck.com/Digital_Services/api/events/getall?orgcode=10 (feed behind https://columbusconventions.com/calendar/),[VERIFY] every value (draft 2026-09-26; window 2025-09-26..2026-09-25),Arnold Sports Festival alone draws over 200k attendees (Wikipedia). Model by attendance per event-day rather than seats.
kemba_live,KEMBA Live!,39.969811,-83.010142,Wikipedia infobox,5200,"outdoor amphitheater (indoor hall 2,200 official / 2,300 Wikipedia)",https://promowestlive.com/our-venues/kemba-live (via search snippet) ; https://en.wikipedia.org/wiki/KEMBA_Live!,88,"88 distinct show dates 2025-09-26..2026-09-25 from the concertarchives.org venue listing (1 cancellation excluded; indoor and outdoor combined). LOWER BOUND: crowd-sourced with visible gaps (e.g. only 1 show listed for Feb 2026). Operator says over 275,000 guests/yr.",https://www.concertarchives.org/venues/kemba-live (pages 2-6),https://www.concertarchives.org/venues/kemba-live (pages 2-6),[VERIFY] every value (draft 2026-09-26; window 2025-09-26..2026-09-25),"Seats depend on season: 2,200 indoor (approx Oct-Apr) vs 5,200 outdoor."
huntington_park,Huntington Park,39.968619,-83.010743,Wikipedia infobox,10100,"baseball (record crowd 12,517)","https://en.wikipedia.org/wiki/Huntington_Park_(Columbus,_Ohio)",71,"DERIVED, not a listed count: Clippers home slate 2026-03-31..2026-09-20; Triple-A 150-game schedule => 75 scheduled home games; MLB.com attendance article says 5 openings lost to weather => about 70 openings; + OSU baseball vs Michigan State 2026-05-08 = 71. Clippers 2026 attendance 511,810; record 78-69 (147 games played). Concerts/other events not captured. No home games 2025-09-26..2026-03-30 (off-season).",https://www.mlb.com/news/2026-minor-league-attendance-leaders (via search snippet; 403) ; https://www.experiencecolumbus.com/blog/post/the-ultimate-guide-to-the-columbus-clippers-2026-season/ ; https://www.milb.com/columbus/news/buckeyes-to-play-game-at-huntington-park ; https://en.wikipedia.org/wiki/List_of_Columbus_Clippers_seasons,https://www.mlb.com/news/2026-minor-league-attendance-leaders (via search snippet; 403) ; https://www.experiencecolumbus.com/blog/post/the-ultimate-guide-to-the-columbus-clippers-2026-season/ ; https://www.milb.com/columbus/news/buckeyes-to-play-game-at-huntington-park ; https://en.wikipedia.org/wiki/List_of_Columbus_Clippers_seasons,[VERIFY] every value (draft 2026-09-26; window 2025-09-26..2026-09-25),MiLB site and MLB Stats API blocked on this network; verify the exact home-date count from the milb.com schedule
ohio_theatre,Ohio Theatre,39.95988,-82.99894,Wikipedia article (coordinates rendered from Wikidata),2791,theatre,"https://en.wikipedia.org/wiki/Ohio_Theatre_(Columbus,_Ohio)",,"NOT COUNTED: no past-event archive found. Documented pieces: Columbus Symphony 2025-26 Masterworks = 12 programs (9/26/25-5/2/26) plus matinees; Broadway in Columbus 2025-26 = 10 shows split across Ohio and Palace (e.g. Harry Potter and the Cursed Child 10/12-11/1/25, multi-week run); BalletMet; CAPA says 100+ CAPA shows/yr. Likely well over 100 performances but unverified.",https://columbussymphony.com/news/rossen-milanov-and-the-columbus-symphony-announce-the-2025-26-masterworks-season/ ; https://www.cityscenecolumbus.com/arts-and-entertainment/scene-online/broadway-in-columbus-20252026-season/,https://columbussymphony.com/news/rossen-milanov-and-the-columbus-symphony-announce-the-2025-26-masterworks-season/ ; https://www.cityscenecolumbus.com/arts-and-entertainment/scene-online/broadway-in-columbus-20252026-season/,[VERIFY] every value (draft 2026-09-26; window 2025-09-26..2026-09-25),Needs CAPA/Ticketmaster historical data or a direct request to CAPA
historic_crew_stadium,Historic Crew Stadium,40.009444,-82.991111,Wikipedia infobox (DMS 40 0 34 N / 82 59 28 W converted),19968,"soccer, 2015-2021 configuration (concerts 25,000-30,000)",https://en.wikipedia.org/wiki/Historic_Crew_Stadium (cites columbussports.org listing),10,"Columbus Aviators (UFL) 5 home games (4/3, 4/17, 5/1, 5/23, 5/31/26) + Sonic Temple festival 4 days (5/14-5/17/26) + Post Malone 2026-07-02 = 10. MISSING: Crew 2 MLS Next Pro home matches from June 2026 on; other concerts/events.",https://en.wikipedia.org/wiki/2026_Columbus_Aviators_season ; https://sonictemplefestival.com/ ; https://www.setlist.fm/setlist/post-malone/2026/historic-crew-stadium-columbus-oh-4b720fda.html,https://en.wikipedia.org/wiki/2026_Columbus_Aviators_season ; https://sonictemplefestival.com/ ; https://www.setlist.fm/setlist/post-malone/2026/historic-crew-stadium-columbus-oh-4b720fda.html,[VERIFY] every value (draft 2026-09-26; window 2025-09-26..2026-09-25),At Ohio Expo Center / State Fairgrounds (large surface lots); current UFL-configuration capacity not confirmed. Optional venue.
palace_theatre,Palace Theatre,39.962372,-83.002042,Wikipedia infobox,2695,theatre,"https://en.wikipedia.org/wiki/Palace_Theatre_(Columbus,_Ohio)",,NOT COUNTED: CAPA venue; setlist.fm shows only a few concerts (e.g. Brit Floyd 2/21/26; Bob Dylan 4/9/26; Wilco 7/18/26) and misses Broadway and other performances.,https://www.setlist.fm/venue/palace-theatre-columbus-oh-usa-7bd6365c.html,https://www.setlist.fm/venue/palace-theatre-columbus-oh-usa-7bd6365c.html,[VERIFY] every value (draft 2026-09-26; window 2025-09-26..2026-09-25),Optional venue
newport_music_hall,Newport Music Hall,39.99746,-83.00741,Wikipedia infobox,1700,standing club,https://en.wikipedia.org/wiki/Newport_Music_Hall,,"NOT COUNTED. Wikipedia (citing Experience Columbus): over 150,000 guests/yr.",,,[VERIFY] every value (draft 2026-09-26; window 2025-09-26..2026-09-25),"Optional venue; PromoWest-operated, University District (N High St)"
