geography,geoid,name,workers_at_work,worked_from_home,car_truck_van,commuters,drive_share,source
county,39049,"Franklin County, Ohio",778720.0,77750.0,661950.0,700970.0,0.9443,"CTPP 2017-2021 5-year, table B202105 (Means of Transportation to Work, workplace geography), tract of work; car/truck/van ÷ (total − worked from home); ctppdata.transportation.org API, pulled 2026-09-26"
tract,39049000110,"Census Tract 1.10, Franklin County, Ohio",1215.0,390.0,665.0,825.0,0.8061,"CTPP 2017-2021 5-year, table B202105 (Means of Transportation to Work, workplace geography), tract of work; car/truck/van ÷ (total − worked from home); ctppdata.transportation.org API, pulled 2026-09-26"
tract,39049000120,"Census Tract 1.20, Franklin County, Ohio",2240.0,490.0,1700.0,1750.0,0.9714,"CTPP 2017-2021 5-year, table B202105 (Means of Transportation to Work, workplace geography), tract of work; car/truck/van ÷ (total − worked from home); ctppdata.transportation.org API, pulled 2026-09-26"
tract,39049000210,"Census Tract 2.10, Franklin County, Ohio",1115.0,465.0,593.0,650.0,0.9123,"CTPP 2017-2021 5-year, table B202105 (Means of Transportation to Work, workplace geography), tract of work; car/truck/van ÷ (total − worked from home); ctppdata.transportation.org API, pulled 2026-09-26"
tract,39049000220,"Census Tract 2.20, Franklin County, Ohio",1490.0,375.0,1070.0,1115.0,0.9596,"CTPP 2017-2021 5-year, table B202105 (Means of Transportation to Work, workplace geography), tract of work; car/truck/van ÷ (total − worked from home); ctppdata.transportation.org API, pulled 2026-09-26"
tract,39049000310,"Census Tract 3.10, Franklin County, Ohio",770.0,180.0,550.0,590.0,0.9322,"CTPP 2017-2021 5-year, table B202105 (Means of Transportation to Work, workplace geography), tract of work; car/truck/van ÷ (total − worked from home); ctppdata.transportation.org API, pulled 2026-09-26"
tract,39049000320,"Census Tract 3.20, Franklin County, Ohio",340.0,85.0,225.0,255.0,0.8824,"CTPP 2017-2021 5-year, table B202105 (Means of Transportation to Work, workplace geography), tract of work; car/truck/van ÷ (total − worked from home); ctppdata.transportation.org API, pulled 2026-09-26"
tract,39049000330,"Census Tract 3.30, Franklin County, Ohio",360.0,190.0,170.0,170.0,1.0,"CTPP 2017-2021 5-year, table B202105 (Means of Transportation to Work, workplace geography), tract of work; car/truck/van ÷ (total − worked from home); ctppdata.transportation.org API, pulled 2026-09-26"
tract,39049000410,"Census Tract 4.10, Franklin County, Ohio",975.0,215.0,695.0,760.0,0.9145,"CTPP 2017-2021 5-year, table B202105 (Means of Transportation to Work, workplace geography), tract of work; car/truck/van ÷ (total − worked from home); ctppdata.transportation.org API, pulled 2026-09-26"
tract,39049000420,"Census Tract 4.20, Franklin County, Ohio",1185.0,450.0,680.0,735.0,0.9252,"CTPP 2017-2021 5-year, table B202105 (Means of Transportation to Work, workplace geography), tract of work; car/truck/van ÷ (total − worked from home); ctppdata.transportation.org API, pulled 2026-09-26"
tract,39049000500,"Census Tract 5, Franklin County, Ohio",1095.0,585.0,355.0,510.0,0.6961,"CTPP 2017-2021 5-year, table B202105 (Means of Transportation to Work, workplace geography), tract of work; car/truck/van ÷ (total − worked from home); ctppdata.transportation.org API, pulled 2026-09-26"
tract,39049000600,"Census Tract 6, Franklin County, Ohio",895.0,390.0,380.0,505.0,0.7525,"CTPP 2017-2021 5-year, table B202105 (Means of Transportation to Work, workplace geography), tract of work; car/truck/van ÷ (total − worked from home); ctppdata.transportation.org API, pulled 2026-09-26"
tract,39049000710,"Census Tract 7.10, Franklin County, Ohio",470.0,85.0,385.0,385.0,1.0,"CTPP 2017-2021 5-year, table B202105 (Means of Transportation to Work, workplace geography), tract of work; car/truck/van ÷ (total − worked from home); ctppdata.transportation.org API, pulled 2026-09-26"
tract,39049000720,"Census Tract 7.20, Franklin County, Ohio",875.0,55.0,795.0,820.0,0.9695,"CTPP 2017-2021 5-year, table B202105 (Means of Transportation to Work, workplace geography), tract of work; car/truck/van ÷ (total − worked from home); ctppdata.transportation.org API, pulled 2026-09-26"
tract,39049000730,"Census Tract 7.30, Franklin County, Ohio",75.0,0.0,75.0,75.0,1.0,"CTPP 2017-2021 5-year, table B202105 (Means of Transportation to Work, workplace geography), tract of work; car/truck/van ÷ (total − worked from home); ctppdata.transportation.org API, pulled 2026-09-26"
tract,39049000810,"Census Tract 8.10, Franklin County, Ohio",225.0,175.0,40.0,50.0,0.8,"CTPP 2017-2021 5-year, table B202105 (Means of Transportation to Work, workplace geography), tract of work; car/truck/van ÷ (total − worked from home); ctppdata.transportation.org API, pulled 2026-09-26"
tract,39049000820,"Census Tract 8.20, Franklin County, Ohio",615.0,160.0,400.0,455.0,0.8791,"CTPP 2017-2021 5-year, table B202105 (Means of Transportation to Work, workplace geography), tract of work; car/truck/van ÷ (total − worked from home); ctppdata.transportation.org API, pulled 2026-09-26"
tract,39049000910,"Census Tract 9.10, Franklin County, Ohio",395.0,95.0,300.0,300.0,1.0,"CTPP 2017-2021 5-year, table B202105 (Means of Transportation to Work, workplace geography), tract of work; car/truck/van ÷ (total − worked from home); ctppdata.transportation.org API, pulled 2026-09-26"
tract,39049000920,"Census Tract 9.20, Franklin County, Ohio",210.0,30.0,180.0,180.0,1.0,"CTPP 2017-2021 5-year, table B202105 (Means of Transportation to Work, workplace geography), tract of work; car/truck/van ÷ (total − worked from home); ctppdata.transportation.org API, pulled 2026-09-26"
tract,39049001000,"Census Tract 10, Franklin County, Ohio",300.0,95.0,205.0,205.0,1.0,"CTPP 2017-2021 5-year, table B202105 (Means of Transportation to Work, workplace geography), tract of work; car/truck/van ÷ (total − worked from home); ctppdata.transportation.org API, pulled 2026-09-26"
tract,39049001110,"Census Tract 11.10, Franklin County, Ohio",685.0,115.0,485.0,570.0,0.8509,"CTPP 2017-2021 5-year, table B202105 (Means of Transportation to Work, workplace geography), tract of work; car/truck/van ÷ (total − worked from home); ctppdata.transportation.org API, pulled 2026-09-26"
tract,39049001121,"Census Tract 11.21, Franklin County, Ohio",10240.0,635.0,6560.0,9605.0,0.683,"CTPP 2017-2021 5-year, table B202105 (Means of Transportation to Work, workplace geography), tract of work; car/truck/van ÷ (total − worked from home); ctppdata.transportation.org API, pulled 2026-09-26"
tract,39049001122,"Census Tract 11.22, Franklin County, Ohio",28685.0,205.0,25640.0,28480.0,0.9003,"CTPP 2017-2021 5-year, table B202105 (Means of Transportation to Work, workplace geography), tract of work; car/truck/van ÷ (total − worked from home); ctppdata.transportation.org API, pulled 2026-09-26"
tract,39049001200,"Census Tract 12, Franklin County, Ohio",685.0,180.0,300.0,505.0,0.5941,"CTPP 2017-2021 5-year, table B202105 (Means of Transportation to Work, workplace geography), tract of work; car/truck/van ÷ (total − worked from home); ctppdata.transportation.org API, pulled 2026-09-26"
tract,39049001301,"Census Tract 13.01, Franklin County, Ohio",230.0,230.0,0.0,0.0,,"CTPP 2017-2021 5-year, table B202105 (Means of Transportation to Work, workplace geography), tract of work; car/truck/van ÷ (total − worked from home); ctppdata.transportation.org API, pulled 2026-09-26"
tract,39049001302,"Census Tract 13.02, Franklin County, Ohio",810.0,70.0,440.0,740.0,0.5946,"CTPP 2017-2021 5-year, table B202105 (Means of Transportation to Work, workplace geography), tract of work; car/truck/van ÷ (total − worked from home); ctppdata.transportation.org API, pulled 2026-09-26"
tract,39049001400,"Census Tract 14, Franklin County, Ohio",1895.0,20.0,1810.0,1875.0,0.9653,"CTPP 2017-2021 5-year, table B202105 (Means of Transportation to Work, workplace geography), tract of work; car/truck/van ÷ (total − worked from home); ctppdata.transportation.org API, pulled 2026-09-26"
tract,39049001500,"Census Tract 15, Franklin County, Ohio",900.0,115.0,724.0,785.0,0.9223,"CTPP 2017-2021 5-year, table B202105 (Means of Transportation to Work, workplace geography), tract of work; car/truck/van ÷ (total − worked from home); ctppdata.transportation.org API, pulled 2026-09-26"
tract,39049001600,"Census Tract 16, Franklin County, Ohio",265.0,135.0,110.0,130.0,0.8462,"CTPP 2017-2021 5-year, table B202105 (Means of Transportation to Work, workplace geography), tract of work; car/truck/van ÷ (total − worked from home); ctppdata.transportation.org API, pulled 2026-09-26"
tract,39049001700,"Census Tract 17, Franklin County, Ohio",2100.0,290.0,1480.0,1810.0,0.8177,"CTPP 2017-2021 5-year, table B202105 (Means of Transportation to Work, workplace geography), tract of work; car/truck/van ÷ (total − worked from home); ctppdata.transportation.org API, pulled 2026-09-26"
tract,39049001810,"Census Tract 18.10, Franklin County, Ohio",845.0,245.0,410.0,600.0,0.6833,"CTPP 2017-2021 5-year, table B202105 (Means of Transportation to Work, workplace geography), tract of work; car/truck/van ÷ (total − worked from home); ctppdata.transportation.org API, pulled 2026-09-26"
tract,39049001820,"Census Tract 18.20, Franklin County, Ohio",2905.0,320.0,2490.0,2585.0,0.9632,"CTPP 2017-2021 5-year, table B202105 (Means of Transportation to Work, workplace geography), tract of work; car/truck/van ÷ (total − worked from home); ctppdata.transportation.org API, pulled 2026-09-26"
tract,39049001901,"Census Tract 19.01, Franklin County, Ohio",6955.0,335.0,6350.0,6620.0,0.9592,"CTPP 2017-2021 5-year, table B202105 (Means of Transportation to Work, workplace geography), tract of work; car/truck/van ÷ (total − worked from home); ctppdata.transportation.org API, pulled 2026-09-26"
tract,39049001902,"Census Tract 19.02, Franklin County, Ohio",2450.0,420.0,1720.0,2030.0,0.8473,"CTPP 2017-2021 5-year, table B202105 (Means of Transportation to Work, workplace geography), tract of work; car/truck/van ÷ (total − worked from home); ctppdata.transportation.org API, pulled 2026-09-26"
tract,39049002000,"Census Tract 20, Franklin County, Ohio",720.0,505.0,160.0,215.0,0.7442,"CTPP 2017-2021 5-year, table B202105 (Means of Transportation to Work, workplace geography), tract of work; car/truck/van ÷ (total − worked from home); ctppdata.transportation.org API, pulled 2026-09-26"
tract,39049002100,"Census Tract 21, Franklin County, Ohio",2170.0,215.0,1760.0,1955.0,0.9003,"CTPP 2017-2021 5-year, table B202105 (Means of Transportation to Work, workplace geography), tract of work; car/truck/van ÷ (total − worked from home); ctppdata.transportation.org API, pulled 2026-09-26"
tract,39049002200,"Census Tract 22, Franklin County, Ohio",2440.0,425.0,1850.0,2015.0,0.9181,"CTPP 2017-2021 5-year, table B202105 (Means of Transportation to Work, workplace geography), tract of work; car/truck/van ÷ (total − worked from home); ctppdata.transportation.org API, pulled 2026-09-26"
tract,39049002300,"Census Tract 23, Franklin County, Ohio",2205.0,60.0,2020.0,2145.0,0.9417,"CTPP 2017-2021 5-year, table B202105 (Means of Transportation to Work, workplace geography), tract of work; car/truck/van ÷ (total − worked from home); ctppdata.transportation.org API, pulled 2026-09-26"
tract,39049002510,"Census Tract 25.10, Franklin County, Ohio",1025.0,105.0,900.0,920.0,0.9783,"CTPP 2017-2021 5-year, table B202105 (Means of Transportation to Work, workplace geography), tract of work; car/truck/van ÷ (total − worked from home); ctppdata.transportation.org API, pulled 2026-09-26"
tract,39049002520,"Census Tract 25.20, Franklin County, Ohio",1060.0,285.0,754.0,775.0,0.9729,"CTPP 2017-2021 5-year, table B202105 (Means of Transportation to Work, workplace geography), tract of work; car/truck/van ÷ (total − worked from home); ctppdata.transportation.org API, pulled 2026-09-26"
tract,39049002600,"Census Tract 26, Franklin County, Ohio",2495.0,120.0,2349.0,2375.0,0.9891,"CTPP 2017-2021 5-year, table B202105 (Means of Transportation to Work, workplace geography), tract of work; car/truck/van ÷ (total − worked from home); ctppdata.transportation.org API, pulled 2026-09-26"
tract,39049002710,"Census Tract 27.10, Franklin County, Ohio",250.0,90.0,145.0,160.0,0.9062,"CTPP 2017-2021 5-year, table B202105 (Means of Transportation to Work, workplace geography), tract of work; car/truck/van ÷ (total − worked from home); ctppdata.transportation.org API, pulled 2026-09-26"
tract,39049002730,"Census Tract 27.30, Franklin County, Ohio",665.0,25.0,595.0,640.0,0.9297,"CTPP 2017-2021 5-year, table B202105 (Means of Transportation to Work, workplace geography), tract of work; car/truck/van ÷ (total − worked from home); ctppdata.transportation.org API, pulled 2026-09-26"
tract,39049002740,"Census Tract 27.40, Franklin County, Ohio",445.0,135.0,299.0,310.0,0.9645,"CTPP 2017-2021 5-year, table B202105 (Means of Transportation to Work, workplace geography), tract of work; car/truck/van ÷ (total − worked from home); ctppdata.transportation.org API, pulled 2026-09-26"
tract,39049002750,"Census Tract 27.50, Franklin County, Ohio",315.0,105.0,175.0,210.0,0.8333,"CTPP 2017-2021 5-year, table B202105 (Means of Transportation to Work, workplace geography), tract of work; car/truck/van ÷ (total − worked from home); ctppdata.transportation.org API, pulled 2026-09-26"
tract,39049002760,"Census Tract 27.60, Franklin County, Ohio",865.0,150.0,645.0,715.0,0.9021,"CTPP 2017-2021 5-year, table B202105 (Means of Transportation to Work, workplace geography), tract of work; car/truck/van ÷ (total − worked from home); ctppdata.transportation.org API, pulled 2026-09-26"
tract,39049002770,"Census Tract 27.70, Franklin County, Ohio",415.0,100.0,315.0,315.0,1.0,"CTPP 2017-2021 5-year, table B202105 (Means of Transportation to Work, workplace geography), tract of work; car/truck/van ÷ (total − worked from home); ctppdata.transportation.org API, pulled 2026-09-26"
tract,39049002780,"Census Tract 27.80, Franklin County, Ohio",1135.0,305.0,795.0,830.0,0.9578,"CTPP 2017-2021 5-year, table B202105 (Means of Transportation to Work, workplace geography), tract of work; car/truck/van ÷ (total − worked from home); ctppdata.transportation.org API, pulled 2026-09-26"
tract,39049002800,"Census Tract 28, Franklin County, Ohio",1825.0,20.0,1790.0,1805.0,0.9917,"CTPP 2017-2021 5-year, table B202105 (Means of Transportation to Work, workplace geography), tract of work; car/truck/van ÷ (total − worked from home); ctppdata.transportation.org API, pulled 2026-09-26"
tract,39049002900,"Census Tract 29, Franklin County, Ohio",210.0,95.0,95.0,115.0,0.8261,"CTPP 2017-2021 5-year, table B202105 (Means of Transportation to Work, workplace geography), tract of work; car/truck/van ÷ (total − worked from home); ctppdata.transportation.org API, pulled 2026-09-26"
tract,39049003000,"Census Tract 30, Franklin County, Ohio",37145.0,325.0,33055.0,36820.0,0.8977,"CTPP 2017-2021 5-year, table B202105 (Means of Transportation to Work, workplace geography), tract of work; car/truck/van ÷ (total − worked from home); ctppdata.transportation.org API, pulled 2026-09-26"
tract,39049003200,"Census Tract 32, Franklin County, Ohio",3780.0,380.0,3160.0,3400.0,0.9294,"CTPP 2017-2021 5-year, table B202105 (Means of Transportation to Work, workplace geography), tract of work; car/truck/van ÷ (total − worked from home); ctppdata.transportation.org API, pulled 2026-09-26"
tract,39049003600,"Census Tract 36, Franklin County, Ohio",890.0,195.0,675.0,695.0,0.9712,"CTPP 2017-2021 5-year, table B202105 (Means of Transportation to Work, workplace geography), tract of work; car/truck/van ÷ (total − worked from home); ctppdata.transportation.org API, pulled 2026-09-26"
tract,39049003700,"Census Tract 37, Franklin County, Ohio",1040.0,330.0,574.0,710.0,0.8085,"CTPP 2017-2021 5-year, table B202105 (Means of Transportation to Work, workplace geography), tract of work; car/truck/van ÷ (total − worked from home); ctppdata.transportation.org API, pulled 2026-09-26"
tract,39049003800,"Census Tract 38, Franklin County, Ohio",1450.0,305.0,1120.0,1145.0,0.9782,"CTPP 2017-2021 5-year, table B202105 (Means of Transportation to Work, workplace geography), tract of work; car/truck/van ÷ (total − worked from home); ctppdata.transportation.org API, pulled 2026-09-26"
tract,39049004001,"Census Tract 40.01, Franklin County, Ohio",6325.0,50.0,6005.0,6275.0,0.957,"CTPP 2017-2021 5-year, table B202105 (Means of Transportation to Work, workplace geography), tract of work; car/truck/van ÷ (total − worked from home); ctppdata.transportation.org API, pulled 2026-09-26"
tract,39049004002,"Census Tract 40.02, Franklin County, Ohio",20355.0,215.0,18325.0,20140.0,0.9099,"CTPP 2017-2021 5-year, table B202105 (Means of Transportation to Work, workplace geography), tract of work; car/truck/van ÷ (total − worked from home); ctppdata.transportation.org API, pulled 2026-09-26"
tract,39049004200,"Census Tract 42, Franklin County, Ohio",1135.0,20.0,1020.0,1115.0,0.9148,"CTPP 2017-2021 5-year, table B202105 (Means of Transportation to Work, workplace geography), tract of work; car/truck/van ÷ (total − worked from home); ctppdata.transportation.org API, pulled 2026-09-26"
tract,39049004301,"Census Tract 43.01, Franklin County, Ohio",4180.0,335.0,3700.0,3845.0,0.9623,"CTPP 2017-2021 5-year, table B202105 (Means of Transportation to Work, workplace geography), tract of work; car/truck/van ÷ (total − worked from home); ctppdata.transportation.org API, pulled 2026-09-26"
tract,39049004302,"Census Tract 43.02, Franklin County, Ohio",2230.0,10.0,2125.0,2220.0,0.9572,"CTPP 2017-2021 5-year, table B202105 (Means of Transportation to Work, workplace geography), tract of work; car/truck/van ÷ (total − worked from home); ctppdata.transportation.org API, pulled 2026-09-26"
tract,39049004500,"Census Tract 45, Franklin County, Ohio",2395.0,135.0,2195.0,2260.0,0.9712,"CTPP 2017-2021 5-year, table B202105 (Means of Transportation to Work, workplace geography), tract of work; car/truck/van ÷ (total − worked from home); ctppdata.transportation.org API, pulled 2026-09-26"
tract,39049004610,"Census Tract 46.10, Franklin County, Ohio",590.0,325.0,250.0,265.0,0.9434,"CTPP 2017-2021 5-year, table B202105 (Means of Transportation to Work, workplace geography), tract of work; car/truck/van ÷ (total − worked from home); ctppdata.transportation.org API, pulled 2026-09-26"
tract,39049004620,"Census Tract 46.20, Franklin County, Ohio",310.0,100.0,190.0,210.0,0.9048,"CTPP 2017-2021 5-year, table B202105 (Means of Transportation to Work, workplace geography), tract of work; car/truck/van ÷ (total − worked from home); ctppdata.transportation.org API, pulled 2026-09-26"
tract,39049004700,"Census Tract 47, Franklin County, Ohio",245.0,100.0,145.0,145.0,1.0,"CTPP 2017-2021 5-year, table B202105 (Means of Transportation to Work, workplace geography), tract of work; car/truck/van ÷ (total − worked from home); ctppdata.transportation.org API, pulled 2026-09-26"
tract,39049004810,"Census Tract 48.10, Franklin County, Ohio",265.0,80.0,170.0,185.0,0.9189,"CTPP 2017-2021 5-year, table B202105 (Means of Transportation to Work, workplace geography), tract of work; car/truck/van ÷ (total − worked from home); ctppdata.transportation.org API, pulled 2026-09-26"
tract,39049004820,"Census Tract 48.20, Franklin County, Ohio",145.0,80.0,70.0,65.0,1.0769,"CTPP 2017-2021 5-year, table B202105 (Means of Transportation to Work, workplace geography), tract of work; car/truck/van ÷ (total − worked from home); ctppdata.transportation.org API, pulled 2026-09-26"
tract,39049004900,"Census Tract 49, Franklin County, Ohio",470.0,15.0,445.0,455.0,0.978,"CTPP 2017-2021 5-year, table B202105 (Means of Transportation to Work, workplace geography), tract of work; car/truck/van ÷ (total − worked from home); ctppdata.transportation.org API, pulled 2026-09-26"
tract,39049005001,"Census Tract 50.01, Franklin County, Ohio",1455.0,50.0,1360.0,1405.0,0.968,"CTPP 2017-2021 5-year, table B202105 (Means of Transportation to Work, workplace geography), tract of work; car/truck/van ÷ (total − worked from home); ctppdata.transportation.org API, pulled 2026-09-26"
tract,39049005002,"Census Tract 50.02, Franklin County, Ohio",1230.0,70.0,1130.0,1160.0,0.9741,"CTPP 2017-2021 5-year, table B202105 (Means of Transportation to Work, workplace geography), tract of work; car/truck/van ÷ (total − worked from home); ctppdata.transportation.org API, pulled 2026-09-26"
tract,39049005100,"Census Tract 51, Franklin County, Ohio",2020.0,10.0,1810.0,2010.0,0.9005,"CTPP 2017-2021 5-year, table B202105 (Means of Transportation to Work, workplace geography), tract of work; car/truck/van ÷ (total − worked from home); ctppdata.transportation.org API, pulled 2026-09-26"
tract,39049005200,"Census Tract 52, Franklin County, Ohio",4055.0,350.0,3565.0,3705.0,0.9622,"CTPP 2017-2021 5-year, table B202105 (Means of Transportation to Work, workplace geography), tract of work; car/truck/van ÷ (total − worked from home); ctppdata.transportation.org API, pulled 2026-09-26"
tract,39049005300,"Census Tract 53, Franklin County, Ohio",11155.0,165.0,10599.0,10990.0,0.9644,"CTPP 2017-2021 5-year, table B202105 (Means of Transportation to Work, workplace geography), tract of work; car/truck/van ÷ (total − worked from home); ctppdata.transportation.org API, pulled 2026-09-26"
tract,39049005410,"Census Tract 54.10, Franklin County, Ohio",490.0,40.0,439.0,450.0,0.9756,"CTPP 2017-2021 5-year, table B202105 (Means of Transportation to Work, workplace geography), tract of work; car/truck/van ÷ (total − worked from home); ctppdata.transportation.org API, pulled 2026-09-26"
tract,39049005420,"Census Tract 54.20, Franklin County, Ohio",520.0,40.0,460.0,480.0,0.9583,"CTPP 2017-2021 5-year, table B202105 (Means of Transportation to Work, workplace geography), tract of work; car/truck/van ÷ (total − worked from home); ctppdata.transportation.org API, pulled 2026-09-26"
tract,39049005500,"Census Tract 55, Franklin County, Ohio",375.0,175.0,155.0,200.0,0.775,"CTPP 2017-2021 5-year, table B202105 (Means of Transportation to Work, workplace geography), tract of work; car/truck/van ÷ (total − worked from home); ctppdata.transportation.org API, pulled 2026-09-26"
tract,39049005610,"Census Tract 56.10, Franklin County, Ohio",670.0,50.0,565.0,620.0,0.9113,"CTPP 2017-2021 5-year, table B202105 (Means of Transportation to Work, workplace geography), tract of work; car/truck/van ÷ (total − worked from home); ctppdata.transportation.org API, pulled 2026-09-26"
tract,39049005620,"Census Tract 56.20, Franklin County, Ohio",395.0,80.0,214.0,315.0,0.6794,"CTPP 2017-2021 5-year, table B202105 (Means of Transportation to Work, workplace geography), tract of work; car/truck/van ÷ (total − worked from home); ctppdata.transportation.org API, pulled 2026-09-26"
tract,39049005700,"Census Tract 57, Franklin County, Ohio",2885.0,640.0,2064.0,2245.0,0.9194,"CTPP 2017-2021 5-year, table B202105 (Means of Transportation to Work, workplace geography), tract of work; car/truck/van ÷ (total − worked from home); ctppdata.transportation.org API, pulled 2026-09-26"
tract,39049005810,"Census Tract 58.10, Franklin County, Ohio",1165.0,275.0,855.0,890.0,0.9607,"CTPP 2017-2021 5-year, table B202105 (Means of Transportation to Work, workplace geography), tract of work; car/truck/van ÷ (total − worked from home); ctppdata.transportation.org API, pulled 2026-09-26"
tract,39049005820,"Census Tract 58.20, Franklin County, Ohio",920.0,260.0,615.0,660.0,0.9318,"CTPP 2017-2021 5-year, table B202105 (Means of Transportation to Work, workplace geography), tract of work; car/truck/van ÷ (total − worked from home); ctppdata.transportation.org API, pulled 2026-09-26"
tract,39049005900,"Census Tract 59, Franklin County, Ohio",150.0,50.0,90.0,100.0,0.9,"CTPP 2017-2021 5-year, table B202105 (Means of Transportation to Work, workplace geography), tract of work; car/truck/van ÷ (total − worked from home); ctppdata.transportation.org API, pulled 2026-09-26"
tract,39049006000,"Census Tract 60, Franklin County, Ohio",510.0,20.0,485.0,490.0,0.9898,"CTPP 2017-2021 5-year, table B202105 (Means of Transportation to Work, workplace geography), tract of work; car/truck/van ÷ (total − worked from home); ctppdata.transportation.org API, pulled 2026-09-26"
tract,39049006100,"Census Tract 61, Franklin County, Ohio",1135.0,85.0,930.0,1050.0,0.8857,"CTPP 2017-2021 5-year, table B202105 (Means of Transportation to Work, workplace geography), tract of work; car/truck/van ÷ (total − worked from home); ctppdata.transportation.org API, pulled 2026-09-26"
tract,39049006236,"Census Tract 62.36, Franklin County, Ohio",810.0,410.0,395.0,400.0,0.9875,"CTPP 2017-2021 5-year, table B202105 (Means of Transportation to Work, workplace geography), tract of work; car/truck/van ÷ (total − worked from home); ctppdata.transportation.org API, pulled 2026-09-26"
tract,39049006237,"Census Tract 62.37, Franklin County, Ohio",9145.0,1040.0,7970.0,8105.0,0.9833,"CTPP 2017-2021 5-year, table B202105 (Means of Transportation to Work, workplace geography), tract of work; car/truck/van ÷ (total − worked from home); ctppdata.transportation.org API, pulled 2026-09-26"
tract,39049006238,"Census Tract 62.38, Franklin County, Ohio",6110.0,185.0,5805.0,5925.0,0.9797,"CTPP 2017-2021 5-year, table B202105 (Means of Transportation to Work, workplace geography), tract of work; car/truck/van ÷ (total − worked from home); ctppdata.transportation.org API, pulled 2026-09-26"
tract,39049006239,"Census Tract 62.39, Franklin County, Ohio",9160.0,465.0,8545.0,8695.0,0.9827,"CTPP 2017-2021 5-year, table B202105 (Means of Transportation to Work, workplace geography), tract of work; car/truck/van ÷ (total − worked from home); ctppdata.transportation.org API, pulled 2026-09-26"
tract,39049006240,"Census Tract 62.40, Franklin County, Ohio",2465.0,395.0,2055.0,2070.0,0.9928,"CTPP 2017-2021 5-year, table B202105 (Means of Transportation to Work, workplace geography), tract of work; car/truck/van ÷ (total − worked from home); ctppdata.transportation.org API, pulled 2026-09-26"
tract,39049006241,"Census Tract 62.41, Franklin County, Ohio",1770.0,465.0,1245.0,1305.0,0.954,"CTPP 2017-2021 5-year, table B202105 (Means of Transportation to Work, workplace geography), tract of work; car/truck/van ÷ (total − worked from home); ctppdata.transportation.org API, pulled 2026-09-26"
tract,39049006301,"Census Tract 63.01, Franklin County, Ohio",510.0,155.0,350.0,355.0,0.9859,"CTPP 2017-2021 5-year, table B202105 (Means of Transportation to Work, workplace geography), tract of work; car/truck/van ÷ (total − worked from home); ctppdata.transportation.org API, pulled 2026-09-26"
tract,39049006302,"Census Tract 63.02, Franklin County, Ohio",2720.0,870.0,1735.0,1850.0,0.9378,"CTPP 2017-2021 5-year, table B202105 (Means of Transportation to Work, workplace geography), tract of work; car/truck/van ÷ (total − worked from home); ctppdata.transportation.org API, pulled 2026-09-26"
tract,39049006310,"Census Tract 63.10, Franklin County, Ohio",695.0,430.0,270.0,265.0,1.0189,"CTPP 2017-2021 5-year, table B202105 (Means of Transportation to Work, workplace geography), tract of work; car/truck/van ÷ (total − worked from home); ctppdata.transportation.org API, pulled 2026-09-26"
tract,39049006321,"Census Tract 63.21, Franklin County, Ohio",1775.0,360.0,1369.0,1415.0,0.9675,"CTPP 2017-2021 5-year, table B202105 (Means of Transportation to Work, workplace geography), tract of work; car/truck/van ÷ (total − worked from home); ctppdata.transportation.org API, pulled 2026-09-26"
tract,39049006323,"Census Tract 63.23, Franklin County, Ohio",785.0,225.0,519.0,560.0,0.9268,"CTPP 2017-2021 5-year, table B202105 (Means of Transportation to Work, workplace geography), tract of work; car/truck/van ÷ (total − worked from home); ctppdata.transportation.org API, pulled 2026-09-26"
tract,39049006330,"Census Tract 63.30, Franklin County, Ohio",995.0,415.0,510.0,580.0,0.8793,"CTPP 2017-2021 5-year, table B202105 (Means of Transportation to Work, workplace geography), tract of work; car/truck/van ÷ (total − worked from home); ctppdata.transportation.org API, pulled 2026-09-26"
tract,39049006340,"Census Tract 63.40, Franklin County, Ohio",2430.0,395.0,1980.0,2035.0,0.973,"CTPP 2017-2021 5-year, table B202105 (Means of Transportation to Work, workplace geography), tract of work; car/truck/van ÷ (total − worked from home); ctppdata.transportation.org API, pulled 2026-09-26"
tract,39049006351,"Census Tract 63.51, Franklin County, Ohio",1095.0,150.0,920.0,945.0,0.9735,"CTPP 2017-2021 5-year, table B202105 (Means of Transportation to Work, workplace geography), tract of work; car/truck/van ÷ (total − worked from home); ctppdata.transportation.org API, pulled 2026-09-26"
tract,39049006352,"Census Tract 63.52, Franklin County, Ohio",955.0,240.0,650.0,715.0,0.9091,"CTPP 2017-2021 5-year, table B202105 (Means of Transportation to Work, workplace geography), tract of work; car/truck/van ÷ (total − worked from home); ctppdata.transportation.org API, pulled 2026-09-26"
tract,39049006353,"Census Tract 63.53, Franklin County, Ohio",2195.0,340.0,1770.0,1855.0,0.9542,"CTPP 2017-2021 5-year, table B202105 (Means of Transportation to Work, workplace geography), tract of work; car/truck/van ÷ (total − worked from home); ctppdata.transportation.org API, pulled 2026-09-26"
tract,39049006372,"Census Tract 63.72, Franklin County, Ohio",2475.0,655.0,1815.0,1820.0,0.9973,"CTPP 2017-2021 5-year, table B202105 (Means of Transportation to Work, workplace geography), tract of work; car/truck/van ÷ (total − worked from home); ctppdata.transportation.org API, pulled 2026-09-26"
tract,39049006384,"Census Tract 63.84, Franklin County, Ohio",1525.0,410.0,1035.0,1115.0,0.9283,"CTPP 2017-2021 5-year, table B202105 (Means of Transportation to Work, workplace geography), tract of work; car/truck/van ÷ (total − worked from home); ctppdata.transportation.org API, pulled 2026-09-26"
tract,39049006386,"Census Tract 63.86, Franklin County, Ohio",7155.0,315.0,6710.0,6840.0,0.981,"CTPP 2017-2021 5-year, table B202105 (Means of Transportation to Work, workplace geography), tract of work; car/truck/van ÷ (total − worked from home); ctppdata.transportation.org API, pulled 2026-09-26"
tract,39049006387,"Census Tract 63.87, Franklin County, Ohio",705.0,305.0,400.0,400.0,1.0,"CTPP 2017-2021 5-year, table B202105 (Means of Transportation to Work, workplace geography), tract of work; car/truck/van ÷ (total − worked from home); ctppdata.transportation.org API, pulled 2026-09-26"
tract,39049006391,"Census Tract 63.91, Franklin County, Ohio",1410.0,510.0,900.0,900.0,1.0,"CTPP 2017-2021 5-year, table B202105 (Means of Transportation to Work, workplace geography), tract of work; car/truck/van ÷ (total − worked from home); ctppdata.transportation.org API, pulled 2026-09-26"
tract,39049006392,"Census Tract 63.92, Franklin County, Ohio",670.0,420.0,230.0,250.0,0.92,"CTPP 2017-2021 5-year, table B202105 (Means of Transportation to Work, workplace geography), tract of work; car/truck/van ÷ (total − worked from home); ctppdata.transportation.org API, pulled 2026-09-26"
tract,39049006393,"Census Tract 63.93, Franklin County, Ohio",675.0,485.0,180.0,190.0,0.9474,"CTPP 2017-2021 5-year, table B202105 (Means of Transportation to Work, workplace geography), tract of work; car/truck/van ÷ (total − worked from home); ctppdata.transportation.org API, pulled 2026-09-26"
tract,39049006394,"Census Tract 63.94, Franklin County, Ohio",240.0,200.0,40.0,40.0,1.0,"CTPP 2017-2021 5-year, table B202105 (Means of Transportation to Work, workplace geography), tract of work; car/truck/van ÷ (total − worked from home); ctppdata.transportation.org API, pulled 2026-09-26"
tract,39049006395,"Census Tract 63.95, Franklin County, Ohio",1175.0,300.0,835.0,875.0,0.9543,"CTPP 2017-2021 5-year, table B202105 (Means of Transportation to Work, workplace geography), tract of work; car/truck/van ÷ (total − worked from home); ctppdata.transportation.org API, pulled 2026-09-26"
tract,39049006396,"Census Tract 63.96, Franklin County, Ohio",4465.0,475.0,3878.0,3990.0,0.9719,"CTPP 2017-2021 5-year, table B202105 (Means of Transportation to Work, workplace geography), tract of work; car/truck/van ÷ (total − worked from home); ctppdata.transportation.org API, pulled 2026-09-26"
tract,39049006397,"Census Tract 63.97, Franklin County, Ohio",1570.0,265.0,1205.0,1305.0,0.9234,"CTPP 2017-2021 5-year, table B202105 (Means of Transportation to Work, workplace geography), tract of work; car/truck/van ÷ (total − worked from home); ctppdata.transportation.org API, pulled 2026-09-26"
tract,39049006398,"Census Tract 63.98, Franklin County, Ohio",865.0,265.0,595.0,600.0,0.9917,"CTPP 2017-2021 5-year, table B202105 (Means of Transportation to Work, workplace geography), tract of work; car/truck/van ÷ (total − worked from home); ctppdata.transportation.org API, pulled 2026-09-26"
tract,39049006410,"Census Tract 64.10, Franklin County, Ohio",325.0,165.0,155.0,160.0,0.9688,"CTPP 2017-2021 5-year, table B202105 (Means of Transportation to Work, workplace geography), tract of work; car/truck/van ÷ (total − worked from home); ctppdata.transportation.org API, pulled 2026-09-26"
tract,39049006430,"Census Tract 64.30, Franklin County, Ohio",3460.0,410.0,2850.0,3050.0,0.9344,"CTPP 2017-2021 5-year, table B202105 (Means of Transportation to Work, workplace geography), tract of work; car/truck/van ÷ (total − worked from home); ctppdata.transportation.org API, pulled 2026-09-26"
tract,39049006500,"Census Tract 65, Franklin County, Ohio",1125.0,295.0,825.0,830.0,0.994,"CTPP 2017-2021 5-year, table B202105 (Means of Transportation to Work, workplace geography), tract of work; car/truck/van ÷ (total − worked from home); ctppdata.transportation.org API, pulled 2026-09-26"
tract,39049006600,"Census Tract 66, Franklin County, Ohio",1485.0,370.0,1065.0,1115.0,0.9552,"CTPP 2017-2021 5-year, table B202105 (Means of Transportation to Work, workplace geography), tract of work; car/truck/van ÷ (total − worked from home); ctppdata.transportation.org API, pulled 2026-09-26"
tract,39049006710,"Census Tract 67.10, Franklin County, Ohio",1695.0,95.0,1480.0,1600.0,0.925,"CTPP 2017-2021 5-year, table B202105 (Means of Transportation to Work, workplace geography), tract of work; car/truck/van ÷ (total − worked from home); ctppdata.transportation.org API, pulled 2026-09-26"
tract,39049006721,"Census Tract 67.21, Franklin County, Ohio",3795.0,230.0,3400.0,3565.0,0.9537,"CTPP 2017-2021 5-year, table B202105 (Means of Transportation to Work, workplace geography), tract of work; car/truck/van ÷ (total − worked from home); ctppdata.transportation.org API, pulled 2026-09-26"
tract,39049006722,"Census Tract 67.22, Franklin County, Ohio",5860.0,185.0,5360.0,5675.0,0.9445,"CTPP 2017-2021 5-year, table B202105 (Means of Transportation to Work, workplace geography), tract of work; car/truck/van ÷ (total − worked from home); ctppdata.transportation.org API, pulled 2026-09-26"
tract,39049006810,"Census Tract 68.10, Franklin County, Ohio",535.0,150.0,375.0,385.0,0.974,"CTPP 2017-2021 5-year, table B202105 (Means of Transportation to Work, workplace geography), tract of work; car/truck/van ÷ (total − worked from home); ctppdata.transportation.org API, pulled 2026-09-26"
tract,39049006821,"Census Tract 68.21, Franklin County, Ohio",1355.0,230.0,1010.0,1125.0,0.8978,"CTPP 2017-2021 5-year, table B202105 (Means of Transportation to Work, workplace geography), tract of work; car/truck/van ÷ (total − worked from home); ctppdata.transportation.org API, pulled 2026-09-26"
tract,39049006822,"Census Tract 68.22, Franklin County, Ohio",470.0,175.0,260.0,295.0,0.8814,"CTPP 2017-2021 5-year, table B202105 (Means of Transportation to Work, workplace geography), tract of work; car/truck/van ÷ (total − worked from home); ctppdata.transportation.org API, pulled 2026-09-26"
tract,39049006910,"Census Tract 69.10, Franklin County, Ohio",420.0,85.0,310.0,335.0,0.9254,"CTPP 2017-2021 5-year, table B202105 (Means of Transportation to Work, workplace geography), tract of work; car/truck/van ÷ (total − worked from home); ctppdata.transportation.org API, pulled 2026-09-26"
tract,39049006921,"Census Tract 69.21, Franklin County, Ohio",1900.0,105.0,1724.0,1795.0,0.9604,"CTPP 2017-2021 5-year, table B202105 (Means of Transportation to Work, workplace geography), tract of work; car/truck/van ÷ (total − worked from home); ctppdata.transportation.org API, pulled 2026-09-26"
tract,39049006923,"Census Tract 69.23, Franklin County, Ohio",790.0,290.0,438.0,500.0,0.876,"CTPP 2017-2021 5-year, table B202105 (Means of Transportation to Work, workplace geography), tract of work; car/truck/van ÷ (total − worked from home); ctppdata.transportation.org API, pulled 2026-09-26"
tract,39049006924,"Census Tract 69.24, Franklin County, Ohio",1175.0,185.0,930.0,990.0,0.9394,"CTPP 2017-2021 5-year, table B202105 (Means of Transportation to Work, workplace geography), tract of work; car/truck/van ÷ (total − worked from home); ctppdata.transportation.org API, pulled 2026-09-26"
tract,39049006931,"Census Tract 69.31, Franklin County, Ohio",1725.0,105.0,1354.0,1620.0,0.8358,"CTPP 2017-2021 5-year, table B202105 (Means of Transportation to Work, workplace geography), tract of work; car/truck/van ÷ (total − worked from home); ctppdata.transportation.org API, pulled 2026-09-26"
tract,39049006932,"Census Tract 69.32, Franklin County, Ohio",530.0,240.0,275.0,290.0,0.9483,"CTPP 2017-2021 5-year, table B202105 (Means of Transportation to Work, workplace geography), tract of work; car/truck/van ÷ (total − worked from home); ctppdata.transportation.org API, pulled 2026-09-26"
tract,39049006933,"Census Tract 69.33, Franklin County, Ohio",1745.0,130.0,1455.0,1615.0,0.9009,"CTPP 2017-2021 5-year, table B202105 (Means of Transportation to Work, workplace geography), tract of work; car/truck/van ÷ (total − worked from home); ctppdata.transportation.org API, pulled 2026-09-26"
tract,39049006943,"Census Tract 69.43, Franklin County, Ohio",600.0,135.0,412.0,465.0,0.886,"CTPP 2017-2021 5-year, table B202105 (Means of Transportation to Work, workplace geography), tract of work; car/truck/van ÷ (total − worked from home); ctppdata.transportation.org API, pulled 2026-09-26"
tract,39049006944,"Census Tract 69.44, Franklin County, Ohio",895.0,200.0,685.0,695.0,0.9856,"CTPP 2017-2021 5-year, table B202105 (Means of Transportation to Work, workplace geography), tract of work; car/truck/van ÷ (total − worked from home); ctppdata.transportation.org API, pulled 2026-09-26"
tract,39049006945,"Census Tract 69.45, Franklin County, Ohio",1005.0,65.0,919.0,940.0,0.9777,"CTPP 2017-2021 5-year, table B202105 (Means of Transportation to Work, workplace geography), tract of work; car/truck/van ÷ (total − worked from home); ctppdata.transportation.org API, pulled 2026-09-26"
tract,39049006950,"Census Tract 69.50, Franklin County, Ohio",695.0,195.0,474.0,500.0,0.948,"CTPP 2017-2021 5-year, table B202105 (Means of Transportation to Work, workplace geography), tract of work; car/truck/van ÷ (total − worked from home); ctppdata.transportation.org API, pulled 2026-09-26"
tract,39049006991,"Census Tract 69.91, Franklin County, Ohio",4970.0,265.0,4665.0,4705.0,0.9915,"CTPP 2017-2021 5-year, table B202105 (Means of Transportation to Work, workplace geography), tract of work; car/truck/van ÷ (total − worked from home); ctppdata.transportation.org API, pulled 2026-09-26"
tract,39049006992,"Census Tract 69.92, Franklin County, Ohio",220.0,85.0,135.0,135.0,1.0,"CTPP 2017-2021 5-year, table B202105 (Means of Transportation to Work, workplace geography), tract of work; car/truck/van ÷ (total − worked from home); ctppdata.transportation.org API, pulled 2026-09-26"
tract,39049007010,"Census Tract 70.10, Franklin County, Ohio",4205.0,290.0,3500.0,3915.0,0.894,"CTPP 2017-2021 5-year, table B202105 (Means of Transportation to Work, workplace geography), tract of work; car/truck/van ÷ (total − worked from home); ctppdata.transportation.org API, pulled 2026-09-26"
tract,39049007020,"Census Tract 70.20, Franklin County, Ohio",2870.0,530.0,2223.0,2340.0,0.95,"CTPP 2017-2021 5-year, table B202105 (Means of Transportation to Work, workplace geography), tract of work; car/truck/van ÷ (total − worked from home); ctppdata.transportation.org API, pulled 2026-09-26"
tract,39049007041,"Census Tract 70.41, Franklin County, Ohio",1775.0,130.0,1580.0,1645.0,0.9605,"CTPP 2017-2021 5-year, table B202105 (Means of Transportation to Work, workplace geography), tract of work; car/truck/van ÷ (total − worked from home); ctppdata.transportation.org API, pulled 2026-09-26"
tract,39049007043,"Census Tract 70.43, Franklin County, Ohio",5000.0,260.0,4560.0,4740.0,0.962,"CTPP 2017-2021 5-year, table B202105 (Means of Transportation to Work, workplace geography), tract of work; car/truck/van ÷ (total − worked from home); ctppdata.transportation.org API, pulled 2026-09-26"
tract,39049007044,"Census Tract 70.44, Franklin County, Ohio",1900.0,1115.0,769.0,785.0,0.9796,"CTPP 2017-2021 5-year, table B202105 (Means of Transportation to Work, workplace geography), tract of work; car/truck/van ÷ (total − worked from home); ctppdata.transportation.org API, pulled 2026-09-26"
tract,39049007047,"Census Tract 70.47, Franklin County, Ohio",2215.0,255.0,1890.0,1960.0,0.9643,"CTPP 2017-2021 5-year, table B202105 (Means of Transportation to Work, workplace geography), tract of work; car/truck/van ÷ (total − worked from home); ctppdata.transportation.org API, pulled 2026-09-26"
tract,39049007048,"Census Tract 70.48, Franklin County, Ohio",2625.0,590.0,2035.0,2035.0,1.0,"CTPP 2017-2021 5-year, table B202105 (Means of Transportation to Work, workplace geography), tract of work; car/truck/van ÷ (total − worked from home); ctppdata.transportation.org API, pulled 2026-09-26"
tract,39049007101,"Census Tract 71.01, Franklin County, Ohio",1805.0,180.0,1540.0,1625.0,0.9477,"CTPP 2017-2021 5-year, table B202105 (Means of Transportation to Work, workplace geography), tract of work; car/truck/van ÷ (total − worked from home); ctppdata.transportation.org API, pulled 2026-09-26"
tract,39049007102,"Census Tract 71.02, Franklin County, Ohio",895.0,235.0,630.0,660.0,0.9545,"CTPP 2017-2021 5-year, table B202105 (Means of Transportation to Work, workplace geography), tract of work; car/truck/van ÷ (total − worked from home); ctppdata.transportation.org API, pulled 2026-09-26"
tract,39049007103,"Census Tract 71.03, Franklin County, Ohio",615.0,165.0,455.0,450.0,1.0111,"CTPP 2017-2021 5-year, table B202105 (Means of Transportation to Work, workplace geography), tract of work; car/truck/van ÷ (total − worked from home); ctppdata.transportation.org API, pulled 2026-09-26"
tract,39049007112,"Census Tract 71.12, Franklin County, Ohio",1165.0,460.0,660.0,705.0,0.9362,"CTPP 2017-2021 5-year, table B202105 (Means of Transportation to Work, workplace geography), tract of work; car/truck/van ÷ (total − worked from home); ctppdata.transportation.org API, pulled 2026-09-26"
tract,39049007113,"Census Tract 71.13, Franklin County, Ohio",2020.0,435.0,1545.0,1585.0,0.9748,"CTPP 2017-2021 5-year, table B202105 (Means of Transportation to Work, workplace geography), tract of work; car/truck/van ÷ (total − worked from home); ctppdata.transportation.org API, pulled 2026-09-26"
tract,39049007114,"Census Tract 71.14, Franklin County, Ohio",5945.0,400.0,5394.0,5545.0,0.9728,"CTPP 2017-2021 5-year, table B202105 (Means of Transportation to Work, workplace geography), tract of work; car/truck/van ÷ (total − worked from home); ctppdata.transportation.org API, pulled 2026-09-26"
tract,39049007115,"Census Tract 71.15, Franklin County, Ohio",1000.0,245.0,745.0,755.0,0.9868,"CTPP 2017-2021 5-year, table B202105 (Means of Transportation to Work, workplace geography), tract of work; car/truck/van ÷ (total − worked from home); ctppdata.transportation.org API, pulled 2026-09-26"
tract,39049007120,"Census Tract 71.20, Franklin County, Ohio",1790.0,460.0,1315.0,1330.0,0.9887,"CTPP 2017-2021 5-year, table B202105 (Means of Transportation to Work, workplace geography), tract of work; car/truck/van ÷ (total − worked from home); ctppdata.transportation.org API, pulled 2026-09-26"
tract,39049007193,"Census Tract 71.93, Franklin County, Ohio",1515.0,700.0,814.0,815.0,0.9988,"CTPP 2017-2021 5-year, table B202105 (Means of Transportation to Work, workplace geography), tract of work; car/truck/van ÷ (total − worked from home); ctppdata.transportation.org API, pulled 2026-09-26"
tract,39049007198,"Census Tract 71.98, Franklin County, Ohio",1435.0,230.0,1110.0,1205.0,0.9212,"CTPP 2017-2021 5-year, table B202105 (Means of Transportation to Work, workplace geography), tract of work; car/truck/van ÷ (total − worked from home); ctppdata.transportation.org API, pulled 2026-09-26"
tract,39049007199,"Census Tract 71.99, Franklin County, Ohio",1490.0,215.0,1169.0,1275.0,0.9169,"CTPP 2017-2021 5-year, table B202105 (Means of Transportation to Work, workplace geography), tract of work; car/truck/van ÷ (total − worked from home); ctppdata.transportation.org API, pulled 2026-09-26"
tract,39049007202,"Census Tract 72.02, Franklin County, Ohio",820.0,330.0,455.0,490.0,0.9286,"CTPP 2017-2021 5-year, table B202105 (Means of Transportation to Work, workplace geography), tract of work; car/truck/van ÷ (total − worked from home); ctppdata.transportation.org API, pulled 2026-09-26"
tract,39049007205,"Census Tract 72.05, Franklin County, Ohio",4820.0,630.0,4195.0,4190.0,1.0012,"CTPP 2017-2021 5-year, table B202105 (Means of Transportation to Work, workplace geography), tract of work; car/truck/van ÷ (total − worked from home); ctppdata.transportation.org API, pulled 2026-09-26"
tract,39049007209,"Census Tract 72.09, Franklin County, Ohio",2985.0,885.0,1785.0,2100.0,0.85,"CTPP 2017-2021 5-year, table B202105 (Means of Transportation to Work, workplace geography), tract of work; car/truck/van ÷ (total − worked from home); ctppdata.transportation.org API, pulled 2026-09-26"
tract,39049007211,"Census Tract 72.11, Franklin County, Ohio",1355.0,325.0,1020.0,1030.0,0.9903,"CTPP 2017-2021 5-year, table B202105 (Means of Transportation to Work, workplace geography), tract of work; car/truck/van ÷ (total − worked from home); ctppdata.transportation.org API, pulled 2026-09-26"
tract,39049007212,"Census Tract 72.12, Franklin County, Ohio",3040.0,410.0,2540.0,2630.0,0.9658,"CTPP 2017-2021 5-year, table B202105 (Means of Transportation to Work, workplace geography), tract of work; car/truck/van ÷ (total − worked from home); ctppdata.transportation.org API, pulled 2026-09-26"
tract,39049007213,"Census Tract 72.13, Franklin County, Ohio",6115.0,600.0,5445.0,5515.0,0.9873,"CTPP 2017-2021 5-year, table B202105 (Means of Transportation to Work, workplace geography), tract of work; car/truck/van ÷ (total − worked from home); ctppdata.transportation.org API, pulled 2026-09-26"
tract,39049007214,"Census Tract 72.14, Franklin County, Ohio",510.0,430.0,80.0,80.0,1.0,"CTPP 2017-2021 5-year, table B202105 (Means of Transportation to Work, workplace geography), tract of work; car/truck/van ÷ (total − worked from home); ctppdata.transportation.org API, pulled 2026-09-26"
tract,39049007215,"Census Tract 72.15, Franklin County, Ohio",840.0,730.0,110.0,110.0,1.0,"CTPP 2017-2021 5-year, table B202105 (Means of Transportation to Work, workplace geography), tract of work; car/truck/van ÷ (total − worked from home); ctppdata.transportation.org API, pulled 2026-09-26"
tract,39049007301,"Census Tract 73.01, Franklin County, Ohio",565.0,300.0,265.0,265.0,1.0,"CTPP 2017-2021 5-year, table B202105 (Means of Transportation to Work, workplace geography), tract of work; car/truck/van ÷ (total − worked from home); ctppdata.transportation.org API, pulled 2026-09-26"
tract,39049007302,"Census Tract 73.02, Franklin County, Ohio",1065.0,150.0,870.0,915.0,0.9508,"CTPP 2017-2021 5-year, table B202105 (Means of Transportation to Work, workplace geography), tract of work; car/truck/van ÷ (total − worked from home); ctppdata.transportation.org API, pulled 2026-09-26"
tract,39049007303,"Census Tract 73.03, Franklin County, Ohio",3435.0,545.0,2825.0,2890.0,0.9775,"CTPP 2017-2021 5-year, table B202105 (Means of Transportation to Work, workplace geography), tract of work; car/truck/van ÷ (total − worked from home); ctppdata.transportation.org API, pulled 2026-09-26"
tract,39049007305,"Census Tract 73.05, Franklin County, Ohio",1715.0,305.0,1415.0,1410.0,1.0035,"CTPP 2017-2021 5-year, table B202105 (Means of Transportation to Work, workplace geography), tract of work; car/truck/van ÷ (total − worked from home); ctppdata.transportation.org API, pulled 2026-09-26"
tract,39049007306,"Census Tract 73.06, Franklin County, Ohio",1330.0,440.0,855.0,890.0,0.9607,"CTPP 2017-2021 5-year, table B202105 (Means of Transportation to Work, workplace geography), tract of work; car/truck/van ÷ (total − worked from home); ctppdata.transportation.org API, pulled 2026-09-26"
tract,39049007394,"Census Tract 73.94, Franklin County, Ohio",1160.0,425.0,725.0,735.0,0.9864,"CTPP 2017-2021 5-year, table B202105 (Means of Transportation to Work, workplace geography), tract of work; car/truck/van ÷ (total − worked from home); ctppdata.transportation.org API, pulled 2026-09-26"
tract,39049007397,"Census Tract 73.97, Franklin County, Ohio",3590.0,260.0,3190.0,3330.0,0.958,"CTPP 2017-2021 5-year, table B202105 (Means of Transportation to Work, workplace geography), tract of work; car/truck/van ÷ (total − worked from home); ctppdata.transportation.org API, pulled 2026-09-26"
tract,39049007398,"Census Tract 73.98, Franklin County, Ohio",605.0,510.0,95.0,95.0,1.0,"CTPP 2017-2021 5-year, table B202105 (Means of Transportation to Work, workplace geography), tract of work; car/truck/van ÷ (total − worked from home); ctppdata.transportation.org API, pulled 2026-09-26"
tract,39049007424,"Census Tract 74.24, Franklin County, Ohio",1765.0,270.0,1425.0,1495.0,0.9532,"CTPP 2017-2021 5-year, table B202105 (Means of Transportation to Work, workplace geography), tract of work; car/truck/van ÷ (total − worked from home); ctppdata.transportation.org API, pulled 2026-09-26"
tract,39049007425,"Census Tract 74.25, Franklin County, Ohio",1070.0,140.0,910.0,930.0,0.9785,"CTPP 2017-2021 5-year, table B202105 (Means of Transportation to Work, workplace geography), tract of work; car/truck/van ÷ (total − worked from home); ctppdata.transportation.org API, pulled 2026-09-26"
tract,39049007426,"Census Tract 74.26, Franklin County, Ohio",1685.0,240.0,1434.0,1445.0,0.9924,"CTPP 2017-2021 5-year, table B202105 (Means of Transportation to Work, workplace geography), tract of work; car/truck/van ÷ (total − worked from home); ctppdata.transportation.org API, pulled 2026-09-26"
tract,39049007427,"Census Tract 74.27, Franklin County, Ohio",6500.0,245.0,6034.0,6255.0,0.9647,"CTPP 2017-2021 5-year, table B202105 (Means of Transportation to Work, workplace geography), tract of work; car/truck/van ÷ (total − worked from home); ctppdata.transportation.org API, pulled 2026-09-26"
tract,39049007492,"Census Tract 74.92, Franklin County, Ohio",2560.0,465.0,2010.0,2095.0,0.9594,"CTPP 2017-2021 5-year, table B202105 (Means of Transportation to Work, workplace geography), tract of work; car/truck/van ÷ (total − worked from home); ctppdata.transportation.org API, pulled 2026-09-26"
tract,39049007494,"Census Tract 74.94, Franklin County, Ohio",6725.0,245.0,6325.0,6480.0,0.9761,"CTPP 2017-2021 5-year, table B202105 (Means of Transportation to Work, workplace geography), tract of work; car/truck/van ÷ (total − worked from home); ctppdata.transportation.org API, pulled 2026-09-26"
tract,39049007511,"Census Tract 75.11, Franklin County, Ohio",1015.0,60.0,950.0,955.0,0.9948,"CTPP 2017-2021 5-year, table B202105 (Means of Transportation to Work, workplace geography), tract of work; car/truck/van ÷ (total − worked from home); ctppdata.transportation.org API, pulled 2026-09-26"
tract,39049007512,"Census Tract 75.12, Franklin County, Ohio",610.0,545.0,65.0,65.0,1.0,"CTPP 2017-2021 5-year, table B202105 (Means of Transportation to Work, workplace geography), tract of work; car/truck/van ÷ (total − worked from home); ctppdata.transportation.org API, pulled 2026-09-26"
tract,39049007520,"Census Tract 75.20, Franklin County, Ohio",440.0,95.0,310.0,345.0,0.8986,"CTPP 2017-2021 5-year, table B202105 (Means of Transportation to Work, workplace geography), tract of work; car/truck/van ÷ (total − worked from home); ctppdata.transportation.org API, pulled 2026-09-26"
tract,39049007531,"Census Tract 75.31, Franklin County, Ohio",790.0,145.0,614.0,645.0,0.9519,"CTPP 2017-2021 5-year, table B202105 (Means of Transportation to Work, workplace geography), tract of work; car/truck/van ÷ (total − worked from home); ctppdata.transportation.org API, pulled 2026-09-26"
tract,39049007532,"Census Tract 75.32, Franklin County, Ohio",430.0,105.0,320.0,325.0,0.9846,"CTPP 2017-2021 5-year, table B202105 (Means of Transportation to Work, workplace geography), tract of work; car/truck/van ÷ (total − worked from home); ctppdata.transportation.org API, pulled 2026-09-26"
tract,39049007533,"Census Tract 75.33, Franklin County, Ohio",200.0,120.0,70.0,80.0,0.875,"CTPP 2017-2021 5-year, table B202105 (Means of Transportation to Work, workplace geography), tract of work; car/truck/van ÷ (total − worked from home); ctppdata.transportation.org API, pulled 2026-09-26"
tract,39049007534,"Census Tract 75.34, Franklin County, Ohio",675.0,70.0,600.0,605.0,0.9917,"CTPP 2017-2021 5-year, table B202105 (Means of Transportation to Work, workplace geography), tract of work; car/truck/van ÷ (total − worked from home); ctppdata.transportation.org API, pulled 2026-09-26"
tract,39049007550,"Census Tract 75.50, Franklin County, Ohio",4980.0,15.0,4774.0,4965.0,0.9615,"CTPP 2017-2021 5-year, table B202105 (Means of Transportation to Work, workplace geography), tract of work; car/truck/van ÷ (total − worked from home); ctppdata.transportation.org API, pulled 2026-09-26"
tract,39049007552,"Census Tract 75.52, Franklin County, Ohio",275.0,160.0,115.0,115.0,1.0,"CTPP 2017-2021 5-year, table B202105 (Means of Transportation to Work, workplace geography), tract of work; car/truck/van ÷ (total − worked from home); ctppdata.transportation.org API, pulled 2026-09-26"
tract,39049007553,"Census Tract 75.53, Franklin County, Ohio",555.0,450.0,100.0,105.0,0.9524,"CTPP 2017-2021 5-year, table B202105 (Means of Transportation to Work, workplace geography), tract of work; car/truck/van ÷ (total − worked from home); ctppdata.transportation.org API, pulled 2026-09-26"
tract,39049007710,"Census Tract 77.10, Franklin County, Ohio",1125.0,110.0,930.0,1015.0,0.9163,"CTPP 2017-2021 5-year, table B202105 (Means of Transportation to Work, workplace geography), tract of work; car/truck/van ÷ (total − worked from home); ctppdata.transportation.org API, pulled 2026-09-26"
tract,39049007721,"Census Tract 77.21, Franklin County, Ohio",3090.0,85.0,2949.0,3005.0,0.9814,"CTPP 2017-2021 5-year, table B202105 (Means of Transportation to Work, workplace geography), tract of work; car/truck/van ÷ (total − worked from home); ctppdata.transportation.org API, pulled 2026-09-26"
tract,39049007722,"Census Tract 77.22, Franklin County, Ohio",590.0,120.0,460.0,470.0,0.9787,"CTPP 2017-2021 5-year, table B202105 (Means of Transportation to Work, workplace geography), tract of work; car/truck/van ÷ (total − worked from home); ctppdata.transportation.org API, pulled 2026-09-26"
tract,39049007730,"Census Tract 77.30, Franklin County, Ohio",715.0,350.0,355.0,365.0,0.9726,"CTPP 2017-2021 5-year, table B202105 (Means of Transportation to Work, workplace geography), tract of work; car/truck/van ÷ (total − worked from home); ctppdata.transportation.org API, pulled 2026-09-26"
tract,39049007740,"Census Tract 77.40, Franklin County, Ohio",260.0,65.0,200.0,195.0,1.0256,"CTPP 2017-2021 5-year, table B202105 (Means of Transportation to Work, workplace geography), tract of work; car/truck/van ÷ (total − worked from home); ctppdata.transportation.org API, pulled 2026-09-26"
tract,39049007811,"Census Tract 78.11, Franklin County, Ohio",1490.0,165.0,1285.0,1325.0,0.9698,"CTPP 2017-2021 5-year, table B202105 (Means of Transportation to Work, workplace geography), tract of work; car/truck/van ÷ (total − worked from home); ctppdata.transportation.org API, pulled 2026-09-26"
tract,39049007812,"Census Tract 78.12, Franklin County, Ohio",11350.0,370.0,10800.0,10980.0,0.9836,"CTPP 2017-2021 5-year, table B202105 (Means of Transportation to Work, workplace geography), tract of work; car/truck/van ÷ (total − worked from home); ctppdata.transportation.org API, pulled 2026-09-26"
tract,39049007820,"Census Tract 78.20, Franklin County, Ohio",4010.0,155.0,3375.0,3855.0,0.8755,"CTPP 2017-2021 5-year, table B202105 (Means of Transportation to Work, workplace geography), tract of work; car/truck/van ÷ (total − worked from home); ctppdata.transportation.org API, pulled 2026-09-26"
tract,39049007830,"Census Tract 78.30, Franklin County, Ohio",1770.0,70.0,1560.0,1700.0,0.9176,"CTPP 2017-2021 5-year, table B202105 (Means of Transportation to Work, workplace geography), tract of work; car/truck/van ÷ (total − worked from home); ctppdata.transportation.org API, pulled 2026-09-26"
tract,39049007922,"Census Tract 79.22, Franklin County, Ohio",6470.0,420.0,5964.0,6050.0,0.9858,"CTPP 2017-2021 5-year, table B202105 (Means of Transportation to Work, workplace geography), tract of work; car/truck/van ÷ (total − worked from home); ctppdata.transportation.org API, pulled 2026-09-26"
tract,39049007931,"Census Tract 79.31, Franklin County, Ohio",1940.0,210.0,1655.0,1730.0,0.9566,"CTPP 2017-2021 5-year, table B202105 (Means of Transportation to Work, workplace geography), tract of work; car/truck/van ÷ (total − worked from home); ctppdata.transportation.org API, pulled 2026-09-26"
tract,39049007941,"Census Tract 79.41, Franklin County, Ohio",5115.0,125.0,4945.0,4990.0,0.991,"CTPP 2017-2021 5-year, table B202105 (Means of Transportation to Work, workplace geography), tract of work; car/truck/van ÷ (total − worked from home); ctppdata.transportation.org API, pulled 2026-09-26"
tract,39049007955,"Census Tract 79.55, Franklin County, Ohio",620.0,180.0,440.0,440.0,1.0,"CTPP 2017-2021 5-year, table B202105 (Means of Transportation to Work, workplace geography), tract of work; car/truck/van ÷ (total − worked from home); ctppdata.transportation.org API, pulled 2026-09-26"
tract,39049007956,"Census Tract 79.56, Franklin County, Ohio",2970.0,405.0,2480.0,2565.0,0.9669,"CTPP 2017-2021 5-year, table B202105 (Means of Transportation to Work, workplace geography), tract of work; car/truck/van ÷ (total − worked from home); ctppdata.transportation.org API, pulled 2026-09-26"
tract,39049007957,"Census Tract 79.57, Franklin County, Ohio",2950.0,200.0,2670.0,2750.0,0.9709,"CTPP 2017-2021 5-year, table B202105 (Means of Transportation to Work, workplace geography), tract of work; car/truck/van ÷ (total − worked from home); ctppdata.transportation.org API, pulled 2026-09-26"
tract,39049007958,"Census Tract 79.58, Franklin County, Ohio",1955.0,155.0,1780.0,1800.0,0.9889,"CTPP 2017-2021 5-year, table B202105 (Means of Transportation to Work, workplace geography), tract of work; car/truck/van ÷ (total − worked from home); ctppdata.transportation.org API, pulled 2026-09-26"
tract,39049007959,"Census Tract 79.59, Franklin County, Ohio",215.0,110.0,100.0,105.0,0.9524,"CTPP 2017-2021 5-year, table B202105 (Means of Transportation to Work, workplace geography), tract of work; car/truck/van ÷ (total − worked from home); ctppdata.transportation.org API, pulled 2026-09-26"
tract,39049007960,"Census Tract 79.60, Franklin County, Ohio",520.0,485.0,15.0,35.0,0.4286,"CTPP 2017-2021 5-year, table B202105 (Means of Transportation to Work, workplace geography), tract of work; car/truck/van ÷ (total − worked from home); ctppdata.transportation.org API, pulled 2026-09-26"
tract,39049007961,"Census Tract 79.61, Franklin County, Ohio",805.0,455.0,355.0,350.0,1.0143,"CTPP 2017-2021 5-year, table B202105 (Means of Transportation to Work, workplace geography), tract of work; car/truck/van ÷ (total − worked from home); ctppdata.transportation.org API, pulled 2026-09-26"
tract,39049007962,"Census Tract 79.62, Franklin County, Ohio",1775.0,480.0,1275.0,1295.0,0.9846,"CTPP 2017-2021 5-year, table B202105 (Means of Transportation to Work, workplace geography), tract of work; car/truck/van ÷ (total − worked from home); ctppdata.transportation.org API, pulled 2026-09-26"
tract,39049007963,"Census Tract 79.63, Franklin County, Ohio",530.0,385.0,120.0,145.0,0.8276,"CTPP 2017-2021 5-year, table B202105 (Means of Transportation to Work, workplace geography), tract of work; car/truck/van ÷ (total − worked from home); ctppdata.transportation.org API, pulled 2026-09-26"
tract,39049007964,"Census Tract 79.64, Franklin County, Ohio",740.0,500.0,240.0,240.0,1.0,"CTPP 2017-2021 5-year, table B202105 (Means of Transportation to Work, workplace geography), tract of work; car/truck/van ÷ (total − worked from home); ctppdata.transportation.org API, pulled 2026-09-26"
tract,39049007965,"Census Tract 79.65, Franklin County, Ohio",3600.0,160.0,3414.0,3440.0,0.9924,"CTPP 2017-2021 5-year, table B202105 (Means of Transportation to Work, workplace geography), tract of work; car/truck/van ÷ (total − worked from home); ctppdata.transportation.org API, pulled 2026-09-26"
tract,39049007966,"Census Tract 79.66, Franklin County, Ohio",3795.0,145.0,3524.0,3650.0,0.9655,"CTPP 2017-2021 5-year, table B202105 (Means of Transportation to Work, workplace geography), tract of work; car/truck/van ÷ (total − worked from home); ctppdata.transportation.org API, pulled 2026-09-26"
tract,39049008001,"Census Tract 80.01, Franklin County, Ohio",885.0,170.0,705.0,715.0,0.986,"CTPP 2017-2021 5-year, table B202105 (Means of Transportation to Work, workplace geography), tract of work; car/truck/van ÷ (total − worked from home); ctppdata.transportation.org API, pulled 2026-09-26"
tract,39049008002,"Census Tract 80.02, Franklin County, Ohio",245.0,155.0,90.0,90.0,1.0,"CTPP 2017-2021 5-year, table B202105 (Means of Transportation to Work, workplace geography), tract of work; car/truck/van ÷ (total − worked from home); ctppdata.transportation.org API, pulled 2026-09-26"
tract,39049008110,"Census Tract 81.10, Franklin County, Ohio",2355.0,230.0,2070.0,2125.0,0.9741,"CTPP 2017-2021 5-year, table B202105 (Means of Transportation to Work, workplace geography), tract of work; car/truck/van ÷ (total − worked from home); ctppdata.transportation.org API, pulled 2026-09-26"
tract,39049008120,"Census Tract 81.20, Franklin County, Ohio",1070.0,120.0,920.0,950.0,0.9684,"CTPP 2017-2021 5-year, table B202105 (Means of Transportation to Work, workplace geography), tract of work; car/truck/van ÷ (total − worked from home); ctppdata.transportation.org API, pulled 2026-09-26"
tract,39049008132,"Census Tract 81.32, Franklin County, Ohio",1035.0,275.0,570.0,760.0,0.75,"CTPP 2017-2021 5-year, table B202105 (Means of Transportation to Work, workplace geography), tract of work; car/truck/van ÷ (total − worked from home); ctppdata.transportation.org API, pulled 2026-09-26"
tract,39049008163,"Census Tract 81.63, Franklin County, Ohio",245.0,30.0,215.0,215.0,1.0,"CTPP 2017-2021 5-year, table B202105 (Means of Transportation to Work, workplace geography), tract of work; car/truck/van ÷ (total − worked from home); ctppdata.transportation.org API, pulled 2026-09-26"
tract,39049008164,"Census Tract 81.64, Franklin County, Ohio",110.0,85.0,25.0,25.0,1.0,"CTPP 2017-2021 5-year, table B202105 (Means of Transportation to Work, workplace geography), tract of work; car/truck/van ÷ (total − worked from home); ctppdata.transportation.org API, pulled 2026-09-26"
tract,39049008165,"Census Tract 81.65, Franklin County, Ohio",310.0,35.0,274.0,275.0,0.9964,"CTPP 2017-2021 5-year, table B202105 (Means of Transportation to Work, workplace geography), tract of work; car/truck/van ÷ (total − worked from home); ctppdata.transportation.org API, pulled 2026-09-26"
tract,39049008166,"Census Tract 81.66, Franklin County, Ohio",985.0,520.0,459.0,465.0,0.9871,"CTPP 2017-2021 5-year, table B202105 (Means of Transportation to Work, workplace geography), tract of work; car/truck/van ÷ (total − worked from home); ctppdata.transportation.org API, pulled 2026-09-26"
tract,39049008167,"Census Tract 81.67, Franklin County, Ohio",195.0,60.0,130.0,135.0,0.963,"CTPP 2017-2021 5-year, table B202105 (Means of Transportation to Work, workplace geography), tract of work; car/truck/van ÷ (total − worked from home); ctppdata.transportation.org API, pulled 2026-09-26"
tract,39049008168,"Census Tract 81.68, Franklin County, Ohio",3345.0,80.0,3100.0,3265.0,0.9495,"CTPP 2017-2021 5-year, table B202105 (Means of Transportation to Work, workplace geography), tract of work; car/truck/van ÷ (total − worked from home); ctppdata.transportation.org API, pulled 2026-09-26"
tract,39049008169,"Census Tract 81.69, Franklin County, Ohio",700.0,215.0,460.0,485.0,0.9485,"CTPP 2017-2021 5-year, table B202105 (Means of Transportation to Work, workplace geography), tract of work; car/truck/van ÷ (total − worked from home); ctppdata.transportation.org API, pulled 2026-09-26"
tract,39049008170,"Census Tract 81.70, Franklin County, Ohio",700.0,325.0,369.0,375.0,0.984,"CTPP 2017-2021 5-year, table B202105 (Means of Transportation to Work, workplace geography), tract of work; car/truck/van ÷ (total − worked from home); ctppdata.transportation.org API, pulled 2026-09-26"
tract,39049008171,"Census Tract 81.71, Franklin County, Ohio",495.0,160.0,285.0,335.0,0.8507,"CTPP 2017-2021 5-year, table B202105 (Means of Transportation to Work, workplace geography), tract of work; car/truck/van ÷ (total − worked from home); ctppdata.transportation.org API, pulled 2026-09-26"
tract,39049008172,"Census Tract 81.72, Franklin County, Ohio",4890.0,445.0,4425.0,4445.0,0.9955,"CTPP 2017-2021 5-year, table B202105 (Means of Transportation to Work, workplace geography), tract of work; car/truck/van ÷ (total − worked from home); ctppdata.transportation.org API, pulled 2026-09-26"
tract,39049008210,"Census Tract 82.10, Franklin County, Ohio",6665.0,10.0,6475.0,6655.0,0.973,"CTPP 2017-2021 5-year, table B202105 (Means of Transportation to Work, workplace geography), tract of work; car/truck/van ÷ (total − worked from home); ctppdata.transportation.org API, pulled 2026-09-26"
tract,39049008230,"Census Tract 82.30, Franklin County, Ohio",690.0,4.0,675.0,686.0,0.984,"CTPP 2017-2021 5-year, table B202105 (Means of Transportation to Work, workplace geography), tract of work; car/truck/van ÷ (total − worked from home); ctppdata.transportation.org API, pulled 2026-09-26"
tract,39049008241,"Census Tract 82.41, Franklin County, Ohio",2140.0,55.0,2039.0,2085.0,0.9779,"CTPP 2017-2021 5-year, table B202105 (Means of Transportation to Work, workplace geography), tract of work; car/truck/van ÷ (total − worked from home); ctppdata.transportation.org API, pulled 2026-09-26"
tract,39049008242,"Census Tract 82.42, Franklin County, Ohio",1355.0,380.0,980.0,975.0,1.0051,"CTPP 2017-2021 5-year, table B202105 (Means of Transportation to Work, workplace geography), tract of work; car/truck/van ÷ (total − worked from home); ctppdata.transportation.org API, pulled 2026-09-26"
tract,39049008311,"Census Tract 83.11, Franklin County, Ohio",1135.0,85.0,1040.0,1050.0,0.9905,"CTPP 2017-2021 5-year, table B202105 (Means of Transportation to Work, workplace geography), tract of work; car/truck/van ÷ (total − worked from home); ctppdata.transportation.org API, pulled 2026-09-26"
tract,39049008312,"Census Tract 83.12, Franklin County, Ohio",400.0,10.0,359.0,390.0,0.9205,"CTPP 2017-2021 5-year, table B202105 (Means of Transportation to Work, workplace geography), tract of work; car/truck/van ÷ (total − worked from home); ctppdata.transportation.org API, pulled 2026-09-26"
tract,39049008321,"Census Tract 83.21, Franklin County, Ohio",375.0,145.0,210.0,230.0,0.913,"CTPP 2017-2021 5-year, table B202105 (Means of Transportation to Work, workplace geography), tract of work; car/truck/van ÷ (total − worked from home); ctppdata.transportation.org API, pulled 2026-09-26"
tract,39049008322,"Census Tract 83.22, Franklin County, Ohio",365.0,115.0,225.0,250.0,0.9,"CTPP 2017-2021 5-year, table B202105 (Means of Transportation to Work, workplace geography), tract of work; car/truck/van ÷ (total − worked from home); ctppdata.transportation.org API, pulled 2026-09-26"
tract,39049008330,"Census Tract 83.30, Franklin County, Ohio",480.0,30.0,270.0,450.0,0.6,"CTPP 2017-2021 5-year, table B202105 (Means of Transportation to Work, workplace geography), tract of work; car/truck/van ÷ (total − worked from home); ctppdata.transportation.org API, pulled 2026-09-26"
tract,39049008340,"Census Tract 83.40, Franklin County, Ohio",2540.0,185.0,2313.0,2355.0,0.9822,"CTPP 2017-2021 5-year, table B202105 (Means of Transportation to Work, workplace geography), tract of work; car/truck/van ÷ (total − worked from home); ctppdata.transportation.org API, pulled 2026-09-26"
tract,39049008350,"Census Tract 83.50, Franklin County, Ohio",1000.0,485.0,490.0,515.0,0.9515,"CTPP 2017-2021 5-year, table B202105 (Means of Transportation to Work, workplace geography), tract of work; car/truck/van ÷ (total − worked from home); ctppdata.transportation.org API, pulled 2026-09-26"
tract,39049008360,"Census Tract 83.60, Franklin County, Ohio",995.0,255.0,659.0,740.0,0.8905,"CTPP 2017-2021 5-year, table B202105 (Means of Transportation to Work, workplace geography), tract of work; car/truck/van ÷ (total − worked from home); ctppdata.transportation.org API, pulled 2026-09-26"
tract,39049008380,"Census Tract 83.80, Franklin County, Ohio",3060.0,320.0,2710.0,2740.0,0.9891,"CTPP 2017-2021 5-year, table B202105 (Means of Transportation to Work, workplace geography), tract of work; car/truck/van ÷ (total − worked from home); ctppdata.transportation.org API, pulled 2026-09-26"
tract,39049008381,"Census Tract 83.81, Franklin County, Ohio",820.0,225.0,595.0,595.0,1.0,"CTPP 2017-2021 5-year, table B202105 (Means of Transportation to Work, workplace geography), tract of work; car/truck/van ÷ (total − worked from home); ctppdata.transportation.org API, pulled 2026-09-26"
tract,39049008382,"Census Tract 83.82, Franklin County, Ohio",925.0,110.0,770.0,815.0,0.9448,"CTPP 2017-2021 5-year, table B202105 (Means of Transportation to Work, workplace geography), tract of work; car/truck/van ÷ (total − worked from home); ctppdata.transportation.org API, pulled 2026-09-26"
tract,39049008400,"Census Tract 84, Franklin County, Ohio",3535.0,400.0,3025.0,3135.0,0.9649,"CTPP 2017-2021 5-year, table B202105 (Means of Transportation to Work, workplace geography), tract of work; car/truck/van ÷ (total − worked from home); ctppdata.transportation.org API, pulled 2026-09-26"
tract,39049008500,"Census Tract 85, Franklin County, Ohio",5405.0,540.0,4759.0,4865.0,0.9782,"CTPP 2017-2021 5-year, table B202105 (Means of Transportation to Work, workplace geography), tract of work; car/truck/van ÷ (total − worked from home); ctppdata.transportation.org API, pulled 2026-09-26"
tract,39049008710,"Census Tract 87.10, Franklin County, Ohio",460.0,50.0,300.0,410.0,0.7317,"CTPP 2017-2021 5-year, table B202105 (Means of Transportation to Work, workplace geography), tract of work; car/truck/van ÷ (total − worked from home); ctppdata.transportation.org API, pulled 2026-09-26"
tract,39049008720,"Census Tract 87.20, Franklin County, Ohio",1270.0,105.0,1070.0,1165.0,0.9185,"CTPP 2017-2021 5-year, table B202105 (Means of Transportation to Work, workplace geography), tract of work; car/truck/van ÷ (total − worked from home); ctppdata.transportation.org API, pulled 2026-09-26"
tract,39049008730,"Census Tract 87.30, Franklin County, Ohio",4445.0,100.0,4290.0,4345.0,0.9873,"CTPP 2017-2021 5-year, table B202105 (Means of Transportation to Work, workplace geography), tract of work; car/truck/van ÷ (total − worked from home); ctppdata.transportation.org API, pulled 2026-09-26"
tract,39049008811,"Census Tract 88.11, Franklin County, Ohio",1260.0,45.0,1190.0,1215.0,0.9794,"CTPP 2017-2021 5-year, table B202105 (Means of Transportation to Work, workplace geography), tract of work; car/truck/van ÷ (total − worked from home); ctppdata.transportation.org API, pulled 2026-09-26"
tract,39049008812,"Census Tract 88.12, Franklin County, Ohio",2920.0,60.0,2830.0,2860.0,0.9895,"CTPP 2017-2021 5-year, table B202105 (Means of Transportation to Work, workplace geography), tract of work; car/truck/van ÷ (total − worked from home); ctppdata.transportation.org API, pulled 2026-09-26"
tract,39049008813,"Census Tract 88.13, Franklin County, Ohio",365.0,40.0,320.0,325.0,0.9846,"CTPP 2017-2021 5-year, table B202105 (Means of Transportation to Work, workplace geography), tract of work; car/truck/van ÷ (total − worked from home); ctppdata.transportation.org API, pulled 2026-09-26"
tract,39049008821,"Census Tract 88.21, Franklin County, Ohio",1335.0,90.0,1215.0,1245.0,0.9759,"CTPP 2017-2021 5-year, table B202105 (Means of Transportation to Work, workplace geography), tract of work; car/truck/van ÷ (total − worked from home); ctppdata.transportation.org API, pulled 2026-09-26"
tract,39049008822,"Census Tract 88.22, Franklin County, Ohio",2555.0,35.0,2355.0,2520.0,0.9345,"CTPP 2017-2021 5-year, table B202105 (Means of Transportation to Work, workplace geography), tract of work; car/truck/van ÷ (total − worked from home); ctppdata.transportation.org API, pulled 2026-09-26"
tract,39049008825,"Census Tract 88.25, Franklin County, Ohio",485.0,290.0,200.0,195.0,1.0256,"CTPP 2017-2021 5-year, table B202105 (Means of Transportation to Work, workplace geography), tract of work; car/truck/van ÷ (total − worked from home); ctppdata.transportation.org API, pulled 2026-09-26"
tract,39049008900,"Census Tract 89, Franklin County, Ohio",1370.0,315.0,710.0,1055.0,0.673,"CTPP 2017-2021 5-year, table B202105 (Means of Transportation to Work, workplace geography), tract of work; car/truck/van ÷ (total − worked from home); ctppdata.transportation.org API, pulled 2026-09-26"
tract,39049009000,"Census Tract 90, Franklin County, Ohio",1305.0,190.0,995.0,1115.0,0.8924,"CTPP 2017-2021 5-year, table B202105 (Means of Transportation to Work, workplace geography), tract of work; car/truck/van ÷ (total − worked from home); ctppdata.transportation.org API, pulled 2026-09-26"
tract,39049009100,"Census Tract 91, Franklin County, Ohio",1620.0,600.0,835.0,1020.0,0.8186,"CTPP 2017-2021 5-year, table B202105 (Means of Transportation to Work, workplace geography), tract of work; car/truck/van ÷ (total − worked from home); ctppdata.transportation.org API, pulled 2026-09-26"
tract,39049009220,"Census Tract 92.20, Franklin County, Ohio",1155.0,30.0,1040.0,1125.0,0.9244,"CTPP 2017-2021 5-year, table B202105 (Means of Transportation to Work, workplace geography), tract of work; car/truck/van ÷ (total − worked from home); ctppdata.transportation.org API, pulled 2026-09-26"
tract,39049009230,"Census Tract 92.30, Franklin County, Ohio",1630.0,110.0,1485.0,1520.0,0.977,"CTPP 2017-2021 5-year, table B202105 (Means of Transportation to Work, workplace geography), tract of work; car/truck/van ÷ (total − worked from home); ctppdata.transportation.org API, pulled 2026-09-26"
tract,39049009240,"Census Tract 92.40, Franklin County, Ohio",590.0,120.0,435.0,470.0,0.9255,"CTPP 2017-2021 5-year, table B202105 (Means of Transportation to Work, workplace geography), tract of work; car/truck/van ÷ (total − worked from home); ctppdata.transportation.org API, pulled 2026-09-26"
tract,39049009250,"Census Tract 92.50, Franklin County, Ohio",845.0,25.0,800.0,820.0,0.9756,"CTPP 2017-2021 5-year, table B202105 (Means of Transportation to Work, workplace geography), tract of work; car/truck/van ÷ (total − worked from home); ctppdata.transportation.org API, pulled 2026-09-26"
tract,39049009251,"Census Tract 92.51, Franklin County, Ohio",10335.0,65.0,9880.0,10270.0,0.962,"CTPP 2017-2021 5-year, table B202105 (Means of Transportation to Work, workplace geography), tract of work; car/truck/van ÷ (total − worked from home); ctppdata.transportation.org API, pulled 2026-09-26"
tract,39049009252,"Census Tract 92.52, Franklin County, Ohio",900.0,195.0,685.0,705.0,0.9716,"CTPP 2017-2021 5-year, table B202105 (Means of Transportation to Work, workplace geography), tract of work; car/truck/van ÷ (total − worked from home); ctppdata.transportation.org API, pulled 2026-09-26"
tract,39049009311,"Census Tract 93.11, Franklin County, Ohio",755.0,180.0,569.0,575.0,0.9896,"CTPP 2017-2021 5-year, table B202105 (Means of Transportation to Work, workplace geography), tract of work; car/truck/van ÷ (total − worked from home); ctppdata.transportation.org API, pulled 2026-09-26"
tract,39049009312,"Census Tract 93.12, Franklin County, Ohio",200.0,120.0,75.0,80.0,0.9375,"CTPP 2017-2021 5-year, table B202105 (Means of Transportation to Work, workplace geography), tract of work; car/truck/van ÷ (total − worked from home); ctppdata.transportation.org API, pulled 2026-09-26"
tract,39049009321,"Census Tract 93.21, Franklin County, Ohio",215.0,65.0,155.0,150.0,1.0333,"CTPP 2017-2021 5-year, table B202105 (Means of Transportation to Work, workplace geography), tract of work; car/truck/van ÷ (total − worked from home); ctppdata.transportation.org API, pulled 2026-09-26"
tract,39049009322,"Census Tract 93.22, Franklin County, Ohio",170.0,120.0,50.0,50.0,1.0,"CTPP 2017-2021 5-year, table B202105 (Means of Transportation to Work, workplace geography), tract of work; car/truck/van ÷ (total − worked from home); ctppdata.transportation.org API, pulled 2026-09-26"
tract,39049009323,"Census Tract 93.23, Franklin County, Ohio",410.0,125.0,285.0,285.0,1.0,"CTPP 2017-2021 5-year, table B202105 (Means of Transportation to Work, workplace geography), tract of work; car/truck/van ÷ (total − worked from home); ctppdata.transportation.org API, pulled 2026-09-26"
tract,39049009325,"Census Tract 93.25, Franklin County, Ohio",2195.0,25.0,2113.0,2170.0,0.9737,"CTPP 2017-2021 5-year, table B202105 (Means of Transportation to Work, workplace geography), tract of work; car/truck/van ÷ (total − worked from home); ctppdata.transportation.org API, pulled 2026-09-26"
tract,39049009326,"Census Tract 93.26, Franklin County, Ohio",195.0,10.0,185.0,185.0,1.0,"CTPP 2017-2021 5-year, table B202105 (Means of Transportation to Work, workplace geography), tract of work; car/truck/van ÷ (total − worked from home); ctppdata.transportation.org API, pulled 2026-09-26"
tract,39049009332,"Census Tract 93.32, Franklin County, Ohio",370.0,230.0,140.0,140.0,1.0,"CTPP 2017-2021 5-year, table B202105 (Means of Transportation to Work, workplace geography), tract of work; car/truck/van ÷ (total − worked from home); ctppdata.transportation.org API, pulled 2026-09-26"
tract,39049009334,"Census Tract 93.34, Franklin County, Ohio",475.0,15.0,425.0,460.0,0.9239,"CTPP 2017-2021 5-year, table B202105 (Means of Transportation to Work, workplace geography), tract of work; car/truck/van ÷ (total − worked from home); ctppdata.transportation.org API, pulled 2026-09-26"
tract,39049009336,"Census Tract 93.36, Franklin County, Ohio",365.0,70.0,295.0,295.0,1.0,"CTPP 2017-2021 5-year, table B202105 (Means of Transportation to Work, workplace geography), tract of work; car/truck/van ÷ (total − worked from home); ctppdata.transportation.org API, pulled 2026-09-26"
tract,39049009337,"Census Tract 93.37, Franklin County, Ohio",740.0,110.0,570.0,630.0,0.9048,"CTPP 2017-2021 5-year, table B202105 (Means of Transportation to Work, workplace geography), tract of work; car/truck/van ÷ (total − worked from home); ctppdata.transportation.org API, pulled 2026-09-26"
tract,39049009340,"Census Tract 93.40, Franklin County, Ohio",1275.0,40.0,1209.0,1235.0,0.9789,"CTPP 2017-2021 5-year, table B202105 (Means of Transportation to Work, workplace geography), tract of work; car/truck/van ÷ (total − worked from home); ctppdata.transportation.org API, pulled 2026-09-26"
tract,39049009350,"Census Tract 93.50, Franklin County, Ohio",755.0,165.0,565.0,590.0,0.9576,"CTPP 2017-2021 5-year, table B202105 (Means of Transportation to Work, workplace geography), tract of work; car/truck/van ÷ (total − worked from home); ctppdata.transportation.org API, pulled 2026-09-26"
tract,39049009361,"Census Tract 93.61, Franklin County, Ohio",4625.0,480.0,4014.0,4145.0,0.9684,"CTPP 2017-2021 5-year, table B202105 (Means of Transportation to Work, workplace geography), tract of work; car/truck/van ÷ (total − worked from home); ctppdata.transportation.org API, pulled 2026-09-26"
tract,39049009372,"Census Tract 93.72, Franklin County, Ohio",435.0,270.0,170.0,165.0,1.0303,"CTPP 2017-2021 5-year, table B202105 (Means of Transportation to Work, workplace geography), tract of work; car/truck/van ÷ (total − worked from home); ctppdata.transportation.org API, pulled 2026-09-26"
tract,39049009373,"Census Tract 93.73, Franklin County, Ohio",435.0,270.0,165.0,165.0,1.0,"CTPP 2017-2021 5-year, table B202105 (Means of Transportation to Work, workplace geography), tract of work; car/truck/van ÷ (total − worked from home); ctppdata.transportation.org API, pulled 2026-09-26"
tract,39049009381,"Census Tract 93.81, Franklin County, Ohio",1195.0,215.0,860.0,980.0,0.8776,"CTPP 2017-2021 5-year, table B202105 (Means of Transportation to Work, workplace geography), tract of work; car/truck/van ÷ (total − worked from home); ctppdata.transportation.org API, pulled 2026-09-26"
tract,39049009382,"Census Tract 93.82, Franklin County, Ohio",390.0,120.0,260.0,270.0,0.963,"CTPP 2017-2021 5-year, table B202105 (Means of Transportation to Work, workplace geography), tract of work; car/truck/van ÷ (total − worked from home); ctppdata.transportation.org API, pulled 2026-09-26"
tract,39049009383,"Census Tract 93.83, Franklin County, Ohio",815.0,155.0,604.0,660.0,0.9152,"CTPP 2017-2021 5-year, table B202105 (Means of Transportation to Work, workplace geography), tract of work; car/truck/van ÷ (total − worked from home); ctppdata.transportation.org API, pulled 2026-09-26"
tract,39049009384,"Census Tract 93.84, Franklin County, Ohio",425.0,150.0,275.0,275.0,1.0,"CTPP 2017-2021 5-year, table B202105 (Means of Transportation to Work, workplace geography), tract of work; car/truck/van ÷ (total − worked from home); ctppdata.transportation.org API, pulled 2026-09-26"
tract,39049009385,"Census Tract 93.85, Franklin County, Ohio",1325.0,240.0,1050.0,1085.0,0.9677,"CTPP 2017-2021 5-year, table B202105 (Means of Transportation to Work, workplace geography), tract of work; car/truck/van ÷ (total − worked from home); ctppdata.transportation.org API, pulled 2026-09-26"
tract,39049009386,"Census Tract 93.86, Franklin County, Ohio",800.0,50.0,690.0,750.0,0.92,"CTPP 2017-2021 5-year, table B202105 (Means of Transportation to Work, workplace geography), tract of work; car/truck/van ÷ (total − worked from home); ctppdata.transportation.org API, pulled 2026-09-26"
tract,39049009390,"Census Tract 93.90, Franklin County, Ohio",1125.0,235.0,890.0,890.0,1.0,"CTPP 2017-2021 5-year, table B202105 (Means of Transportation to Work, workplace geography), tract of work; car/truck/van ÷ (total − worked from home); ctppdata.transportation.org API, pulled 2026-09-26"
tract,39049009391,"Census Tract 93.91, Franklin County, Ohio",2125.0,275.0,1765.0,1850.0,0.9541,"CTPP 2017-2021 5-year, table B202105 (Means of Transportation to Work, workplace geography), tract of work; car/truck/van ÷ (total − worked from home); ctppdata.transportation.org API, pulled 2026-09-26"
tract,39049009392,"Census Tract 93.92, Franklin County, Ohio",2170.0,335.0,1755.0,1835.0,0.9564,"CTPP 2017-2021 5-year, table B202105 (Means of Transportation to Work, workplace geography), tract of work; car/truck/van ÷ (total − worked from home); ctppdata.transportation.org API, pulled 2026-09-26"
tract,39049009393,"Census Tract 93.93, Franklin County, Ohio",710.0,75.0,634.0,635.0,0.9984,"CTPP 2017-2021 5-year, table B202105 (Means of Transportation to Work, workplace geography), tract of work; car/truck/van ÷ (total − worked from home); ctppdata.transportation.org API, pulled 2026-09-26"
tract,39049009394,"Census Tract 93.94, Franklin County, Ohio",890.0,95.0,795.0,795.0,1.0,"CTPP 2017-2021 5-year, table B202105 (Means of Transportation to Work, workplace geography), tract of work; car/truck/van ÷ (total − worked from home); ctppdata.transportation.org API, pulled 2026-09-26"
tract,39049009395,"Census Tract 93.95, Franklin County, Ohio",765.0,370.0,394.0,395.0,0.9975,"CTPP 2017-2021 5-year, table B202105 (Means of Transportation to Work, workplace geography), tract of work; car/truck/van ÷ (total − worked from home); ctppdata.transportation.org API, pulled 2026-09-26"
tract,39049009396,"Census Tract 93.96, Franklin County, Ohio",440.0,65.0,365.0,375.0,0.9733,"CTPP 2017-2021 5-year, table B202105 (Means of Transportation to Work, workplace geography), tract of work; car/truck/van ÷ (total − worked from home); ctppdata.transportation.org API, pulled 2026-09-26"
tract,39049009397,"Census Tract 93.97, Franklin County, Ohio",1165.0,135.0,1025.0,1030.0,0.9951,"CTPP 2017-2021 5-year, table B202105 (Means of Transportation to Work, workplace geography), tract of work; car/truck/van ÷ (total − worked from home); ctppdata.transportation.org API, pulled 2026-09-26"
tract,39049009401,"Census Tract 94.01, Franklin County, Ohio",595.0,155.0,445.0,440.0,1.0114,"CTPP 2017-2021 5-year, table B202105 (Means of Transportation to Work, workplace geography), tract of work; car/truck/van ÷ (total − worked from home); ctppdata.transportation.org API, pulled 2026-09-26"
tract,39049009403,"Census Tract 94.03, Franklin County, Ohio",705.0,290.0,415.0,415.0,1.0,"CTPP 2017-2021 5-year, table B202105 (Means of Transportation to Work, workplace geography), tract of work; car/truck/van ÷ (total − worked from home); ctppdata.transportation.org API, pulled 2026-09-26"
tract,39049009404,"Census Tract 94.04, Franklin County, Ohio",1485.0,260.0,1215.0,1225.0,0.9918,"CTPP 2017-2021 5-year, table B202105 (Means of Transportation to Work, workplace geography), tract of work; car/truck/van ÷ (total − worked from home); ctppdata.transportation.org API, pulled 2026-09-26"
tract,39049009405,"Census Tract 94.05, Franklin County, Ohio",890.0,355.0,530.0,535.0,0.9907,"CTPP 2017-2021 5-year, table B202105 (Means of Transportation to Work, workplace geography), tract of work; car/truck/van ÷ (total − worked from home); ctppdata.transportation.org API, pulled 2026-09-26"
tract,39049009410,"Census Tract 94.10, Franklin County, Ohio",240.0,55.0,185.0,185.0,1.0,"CTPP 2017-2021 5-year, table B202105 (Means of Transportation to Work, workplace geography), tract of work; car/truck/van ÷ (total − worked from home); ctppdata.transportation.org API, pulled 2026-09-26"
tract,39049009420,"Census Tract 94.20, Franklin County, Ohio",660.0,85.0,550.0,575.0,0.9565,"CTPP 2017-2021 5-year, table B202105 (Means of Transportation to Work, workplace geography), tract of work; car/truck/van ÷ (total − worked from home); ctppdata.transportation.org API, pulled 2026-09-26"
tract,39049009440,"Census Tract 94.40, Franklin County, Ohio",2635.0,115.0,2455.0,2520.0,0.9742,"CTPP 2017-2021 5-year, table B202105 (Means of Transportation to Work, workplace geography), tract of work; car/truck/van ÷ (total − worked from home); ctppdata.transportation.org API, pulled 2026-09-26"
tract,39049009495,"Census Tract 94.95, Franklin County, Ohio",9835.0,235.0,8990.0,9600.0,0.9365,"CTPP 2017-2021 5-year, table B202105 (Means of Transportation to Work, workplace geography), tract of work; car/truck/van ÷ (total − worked from home); ctppdata.transportation.org API, pulled 2026-09-26"
tract,39049009497,"Census Tract 94.97, Franklin County, Ohio",2220.0,85.0,2055.0,2135.0,0.9625,"CTPP 2017-2021 5-year, table B202105 (Means of Transportation to Work, workplace geography), tract of work; car/truck/van ÷ (total − worked from home); ctppdata.transportation.org API, pulled 2026-09-26"
tract,39049009498,"Census Tract 94.98, Franklin County, Ohio",715.0,40.0,654.0,675.0,0.9689,"CTPP 2017-2021 5-year, table B202105 (Means of Transportation to Work, workplace geography), tract of work; car/truck/van ÷ (total − worked from home); ctppdata.transportation.org API, pulled 2026-09-26"
tract,39049009520,"Census Tract 95.20, Franklin County, Ohio",2330.0,135.0,2060.0,2195.0,0.9385,"CTPP 2017-2021 5-year, table B202105 (Means of Transportation to Work, workplace geography), tract of work; car/truck/van ÷ (total − worked from home); ctppdata.transportation.org API, pulled 2026-09-26"
tract,39049009590,"Census Tract 95.90, Franklin County, Ohio",7305.0,180.0,6845.0,7125.0,0.9607,"CTPP 2017-2021 5-year, table B202105 (Means of Transportation to Work, workplace geography), tract of work; car/truck/van ÷ (total − worked from home); ctppdata.transportation.org API, pulled 2026-09-26"
tract,39049009600,"Census Tract 96, Franklin County, Ohio",4685.0,60.0,4420.0,4625.0,0.9557,"CTPP 2017-2021 5-year, table B202105 (Means of Transportation to Work, workplace geography), tract of work; car/truck/van ÷ (total − worked from home); ctppdata.transportation.org API, pulled 2026-09-26"
tract,39049009711,"Census Tract 97.11, Franklin County, Ohio",1005.0,55.0,940.0,950.0,0.9895,"CTPP 2017-2021 5-year, table B202105 (Means of Transportation to Work, workplace geography), tract of work; car/truck/van ÷ (total − worked from home); ctppdata.transportation.org API, pulled 2026-09-26"
tract,39049009712,"Census Tract 97.12, Franklin County, Ohio",325.0,85.0,230.0,240.0,0.9583,"CTPP 2017-2021 5-year, table B202105 (Means of Transportation to Work, workplace geography), tract of work; car/truck/van ÷ (total − worked from home); ctppdata.transportation.org API, pulled 2026-09-26"
tract,39049009751,"Census Tract 97.51, Franklin County, Ohio",5380.0,545.0,4600.0,4835.0,0.9514,"CTPP 2017-2021 5-year, table B202105 (Means of Transportation to Work, workplace geography), tract of work; car/truck/van ÷ (total − worked from home); ctppdata.transportation.org API, pulled 2026-09-26"
tract,39049009752,"Census Tract 97.52, Franklin County, Ohio",865.0,340.0,495.0,525.0,0.9429,"CTPP 2017-2021 5-year, table B202105 (Means of Transportation to Work, workplace geography), tract of work; car/truck/van ÷ (total − worked from home); ctppdata.transportation.org API, pulled 2026-09-26"
tract,39049009753,"Census Tract 97.53, Franklin County, Ohio",645.0,235.0,355.0,410.0,0.8659,"CTPP 2017-2021 5-year, table B202105 (Means of Transportation to Work, workplace geography), tract of work; car/truck/van ÷ (total − worked from home); ctppdata.transportation.org API, pulled 2026-09-26"
tract,39049009754,"Census Tract 97.54, Franklin County, Ohio",270.0,50.0,220.0,220.0,1.0,"CTPP 2017-2021 5-year, table B202105 (Means of Transportation to Work, workplace geography), tract of work; car/truck/van ÷ (total − worked from home); ctppdata.transportation.org API, pulled 2026-09-26"
tract,39049009755,"Census Tract 97.55, Franklin County, Ohio",4105.0,620.0,3420.0,3485.0,0.9813,"CTPP 2017-2021 5-year, table B202105 (Means of Transportation to Work, workplace geography), tract of work; car/truck/van ÷ (total − worked from home); ctppdata.transportation.org API, pulled 2026-09-26"
tract,39049009756,"Census Tract 97.56, Franklin County, Ohio",4775.0,50.0,4554.0,4725.0,0.9638,"CTPP 2017-2021 5-year, table B202105 (Means of Transportation to Work, workplace geography), tract of work; car/truck/van ÷ (total − worked from home); ctppdata.transportation.org API, pulled 2026-09-26"
tract,39049009757,"Census Tract 97.57, Franklin County, Ohio",1905.0,170.0,1720.0,1735.0,0.9914,"CTPP 2017-2021 5-year, table B202105 (Means of Transportation to Work, workplace geography), tract of work; car/truck/van ÷ (total − worked from home); ctppdata.transportation.org API, pulled 2026-09-26"
tract,39049009801,"Census Tract 98.01, Franklin County, Ohio",570.0,315.0,255.0,255.0,1.0,"CTPP 2017-2021 5-year, table B202105 (Means of Transportation to Work, workplace geography), tract of work; car/truck/van ÷ (total − worked from home); ctppdata.transportation.org API, pulled 2026-09-26"
tract,39049009802,"Census Tract 98.02, Franklin County, Ohio",770.0,135.0,625.0,635.0,0.9843,"CTPP 2017-2021 5-year, table B202105 (Means of Transportation to Work, workplace geography), tract of work; car/truck/van ÷ (total − worked from home); ctppdata.transportation.org API, pulled 2026-09-26"
tract,39049009900,"Census Tract 99, Franklin County, Ohio",5135.0,75.0,4985.0,5060.0,0.9852,"CTPP 2017-2021 5-year, table B202105 (Means of Transportation to Work, workplace geography), tract of work; car/truck/van ÷ (total − worked from home); ctppdata.transportation.org API, pulled 2026-09-26"
tract,39049010000,"Census Tract 100, Franklin County, Ohio",770.0,365.0,410.0,405.0,1.0123,"CTPP 2017-2021 5-year, table B202105 (Means of Transportation to Work, workplace geography), tract of work; car/truck/van ÷ (total − worked from home); ctppdata.transportation.org API, pulled 2026-09-26"
tract,39049010100,"Census Tract 101, Franklin County, Ohio",18745.0,250.0,18150.0,18495.0,0.9813,"CTPP 2017-2021 5-year, table B202105 (Means of Transportation to Work, workplace geography), tract of work; car/truck/van ÷ (total − worked from home); ctppdata.transportation.org API, pulled 2026-09-26"
tract,39049010201,"Census Tract 102.01, Franklin County, Ohio",1085.0,255.0,810.0,830.0,0.9759,"CTPP 2017-2021 5-year, table B202105 (Means of Transportation to Work, workplace geography), tract of work; car/truck/van ÷ (total − worked from home); ctppdata.transportation.org API, pulled 2026-09-26"
tract,39049010202,"Census Tract 102.02, Franklin County, Ohio",305.0,260.0,45.0,45.0,1.0,"CTPP 2017-2021 5-year, table B202105 (Means of Transportation to Work, workplace geography), tract of work; car/truck/van ÷ (total − worked from home); ctppdata.transportation.org API, pulled 2026-09-26"
tract,39049010203,"Census Tract 102.03, Franklin County, Ohio",390.0,130.0,185.0,260.0,0.7115,"CTPP 2017-2021 5-year, table B202105 (Means of Transportation to Work, workplace geography), tract of work; car/truck/van ÷ (total − worked from home); ctppdata.transportation.org API, pulled 2026-09-26"
tract,39049010204,"Census Tract 102.04, Franklin County, Ohio",530.0,110.0,370.0,420.0,0.881,"CTPP 2017-2021 5-year, table B202105 (Means of Transportation to Work, workplace geography), tract of work; car/truck/van ÷ (total − worked from home); ctppdata.transportation.org API, pulled 2026-09-26"
tract,39049010300,"Census Tract 103, Franklin County, Ohio",4775.0,45.0,4650.0,4730.0,0.9831,"CTPP 2017-2021 5-year, table B202105 (Means of Transportation to Work, workplace geography), tract of work; car/truck/van ÷ (total − worked from home); ctppdata.transportation.org API, pulled 2026-09-26"
tract,39049010401,"Census Tract 104.01, Franklin County, Ohio",715.0,195.0,520.0,520.0,1.0,"CTPP 2017-2021 5-year, table B202105 (Means of Transportation to Work, workplace geography), tract of work; car/truck/van ÷ (total − worked from home); ctppdata.transportation.org API, pulled 2026-09-26"
tract,39049010402,"Census Tract 104.02, Franklin County, Ohio",855.0,555.0,305.0,300.0,1.0167,"CTPP 2017-2021 5-year, table B202105 (Means of Transportation to Work, workplace geography), tract of work; car/truck/van ÷ (total − worked from home); ctppdata.transportation.org API, pulled 2026-09-26"
tract,39049010501,"Census Tract 105.01, Franklin County, Ohio",1110.0,560.0,534.0,550.0,0.9709,"CTPP 2017-2021 5-year, table B202105 (Means of Transportation to Work, workplace geography), tract of work; car/truck/van ÷ (total − worked from home); ctppdata.transportation.org API, pulled 2026-09-26"
tract,39049010502,"Census Tract 105.02, Franklin County, Ohio",9590.0,375.0,9170.0,9215.0,0.9951,"CTPP 2017-2021 5-year, table B202105 (Means of Transportation to Work, workplace geography), tract of work; car/truck/van ÷ (total − worked from home); ctppdata.transportation.org API, pulled 2026-09-26"
tract,39049010601,"Census Tract 106.01, Franklin County, Ohio",730.0,530.0,200.0,200.0,1.0,"CTPP 2017-2021 5-year, table B202105 (Means of Transportation to Work, workplace geography), tract of work; car/truck/van ÷ (total − worked from home); ctppdata.transportation.org API, pulled 2026-09-26"
tract,39049010602,"Census Tract 106.02, Franklin County, Ohio",1005.0,320.0,685.0,685.0,1.0,"CTPP 2017-2021 5-year, table B202105 (Means of Transportation to Work, workplace geography), tract of work; car/truck/van ÷ (total − worked from home); ctppdata.transportation.org API, pulled 2026-09-26"
tract,39049010700,"Census Tract 107, Franklin County, Ohio",705.0,125.0,525.0,580.0,0.9052,"CTPP 2017-2021 5-year, table B202105 (Means of Transportation to Work, workplace geography), tract of work; car/truck/van ÷ (total − worked from home); ctppdata.transportation.org API, pulled 2026-09-26"
tract,39049010900,"Census Tract 109, Franklin County, Ohio",1125.0,490.0,534.0,635.0,0.8409,"CTPP 2017-2021 5-year, table B202105 (Means of Transportation to Work, workplace geography), tract of work; car/truck/van ÷ (total − worked from home); ctppdata.transportation.org API, pulled 2026-09-26"
tract,39049980000,"Census Tract 9800, Franklin County, Ohio",9665.0,0.0,9074.0,9665.0,0.9389,"CTPP 2017-2021 5-year, table B202105 (Means of Transportation to Work, workplace geography), tract of work; car/truck/van ÷ (total − worked from home); ctppdata.transportation.org API, pulled 2026-09-26"
