geography,geoid,name,workers_at_work,car_truck_van,drive_share,source,worked_from_home,commuters
county,39049,"Franklin County, Ohio",777770.0,608575.0,0.9433,ACS 2024 5-year B08601 (workplace geography): car/truck/van ÷ (total − worked from home); pulled 2026-09-26; blank = not published,132604.0,645166.0
place,3906278,"Bexley city, Ohio",5395.0,3183.0,0.868,ACS 2024 5-year B08601 (workplace geography): car/truck/van ÷ (total − worked from home); pulled 2026-09-26; blank = not published,1728.0,3667.0
place,3906670,"Blacklick Estates CDP, Ohio",,,,ACS 2024 5-year B08601 (workplace geography): car/truck/van ÷ (total − worked from home); pulled 2026-09-26; blank = not published,,
place,3908532,"Brice village, Ohio",,,,ACS 2024 5-year B08601 (workplace geography): car/truck/van ÷ (total − worked from home); pulled 2026-09-26; blank = not published,,
place,3911332,"Canal Winchester city, Ohio",8477.0,6991.0,0.9812,ACS 2024 5-year B08601 (workplace geography): car/truck/van ÷ (total − worked from home); pulled 2026-09-26; blank = not published,1352.0,7125.0
place,3918000,"Columbus city, Ohio",523106.0,408348.0,0.9375,ACS 2024 5-year B08601 (workplace geography): car/truck/van ÷ (total − worked from home); pulled 2026-09-26; blank = not published,87552.0,435554.0
place,3918070,"Commercial Point village, Ohio",954.0,661.0,0.9622,ACS 2024 5-year B08601 (workplace geography): car/truck/van ÷ (total − worked from home); pulled 2026-09-26; blank = not published,267.0,687.0
place,3920198,"Darbydale CDP, Ohio",,,,ACS 2024 5-year B08601 (workplace geography): car/truck/van ÷ (total − worked from home); pulled 2026-09-26; blank = not published,,
place,3922694,"Dublin city, Ohio",39783.0,31451.0,0.9799,ACS 2024 5-year B08601 (workplace geography): car/truck/van ÷ (total − worked from home); pulled 2026-09-26; blank = not published,7687.0,32096.0
place,3929106,"Gahanna city, Ohio",19888.0,15017.0,0.9763,ACS 2024 5-year B08601 (workplace geography): car/truck/van ÷ (total − worked from home); pulled 2026-09-26; blank = not published,4507.0,15381.0
place,3931304,"Grandview Heights city, Ohio",5287.0,3813.0,0.9641,ACS 2024 5-year B08601 (workplace geography): car/truck/van ÷ (total − worked from home); pulled 2026-09-26; blank = not published,1332.0,3955.0
place,3932592,"Grove City city, Ohio",29114.0,24001.0,0.9429,ACS 2024 5-year B08601 (workplace geography): car/truck/van ÷ (total − worked from home); pulled 2026-09-26; blank = not published,3659.0,25455.0
place,3932606,"Groveport city, Ohio",13918.0,12927.0,0.9552,ACS 2024 5-year B08601 (workplace geography): car/truck/van ÷ (total − worked from home); pulled 2026-09-26; blank = not published,385.0,13533.0
place,3933740,"Harrisburg village, Ohio",,,,ACS 2024 5-year B08601 (workplace geography): car/truck/van ÷ (total − worked from home); pulled 2026-09-26; blank = not published,,
place,3935476,"Hilliard city, Ohio",20043.0,14637.0,0.9709,ACS 2024 5-year B08601 (workplace geography): car/truck/van ÷ (total − worked from home); pulled 2026-09-26; blank = not published,4967.0,15076.0
place,3936624,"Huber Ridge CDP, Ohio",1844.0,1241.0,0.9517,ACS 2024 5-year B08601 (workplace geography): car/truck/van ÷ (total − worked from home); pulled 2026-09-26; blank = not published,540.0,1304.0
place,3941363,"Lake Darby CDP, Ohio",,,,ACS 2024 5-year B08601 (workplace geography): car/truck/van ÷ (total − worked from home); pulled 2026-09-26; blank = not published,,
place,3943792,"Lincoln Village CDP, Ohio",4105.0,3473.0,0.9546,ACS 2024 5-year B08601 (workplace geography): car/truck/van ÷ (total − worked from home); pulled 2026-09-26; blank = not published,467.0,3638.0
place,3944086,"Lithopolis village, Ohio",468.0,264.0,0.9496,ACS 2024 5-year B08601 (workplace geography): car/truck/van ÷ (total − worked from home); pulled 2026-09-26; blank = not published,190.0,278.0
place,3944310,"Lockbourne village, Ohio",,,,ACS 2024 5-year B08601 (workplace geography): car/truck/van ÷ (total − worked from home); pulled 2026-09-26; blank = not published,,
place,3947474,"Marble Cliff village, Ohio",765.0,689.0,0.9928,ACS 2024 5-year B08601 (workplace geography): car/truck/van ÷ (total − worked from home); pulled 2026-09-26; blank = not published,71.0,694.0
place,3950862,"Minerva Park village, Ohio",555.0,293.0,0.9302,ACS 2024 5-year B08601 (workplace geography): car/truck/van ÷ (total − worked from home); pulled 2026-09-26; blank = not published,240.0,315.0
place,3953970,"New Albany city, Ohio",16998.0,15361.0,0.978,ACS 2024 5-year B08601 (workplace geography): car/truck/van ÷ (total − worked from home); pulled 2026-09-26; blank = not published,1291.0,15707.0
place,3957862,"Obetz city, Ohio",7687.0,7004.0,0.9574,ACS 2024 5-year B08601 (workplace geography): car/truck/van ÷ (total − worked from home); pulled 2026-09-26; blank = not published,371.0,7316.0
place,3962498,"Pickerington city, Ohio",8341.0,5553.0,0.9897,ACS 2024 5-year B08601 (workplace geography): car/truck/van ÷ (total − worked from home); pulled 2026-09-26; blank = not published,2730.0,5611.0
place,3966390,"Reynoldsburg city, Ohio",12856.0,8234.0,0.9216,ACS 2024 5-year B08601 (workplace geography): car/truck/van ÷ (total − worked from home); pulled 2026-09-26; blank = not published,3922.0,8934.0
place,3967440,"Riverlea village, Ohio",,,,ACS 2024 5-year B08601 (workplace geography): car/truck/van ÷ (total − worked from home); pulled 2026-09-26; blank = not published,,
place,3979002,"Upper Arlington city, Ohio",14952.0,9433.0,0.9424,ACS 2024 5-year B08601 (workplace geography): car/truck/van ÷ (total − worked from home); pulled 2026-09-26; blank = not published,4942.0,10010.0
place,3979100,"Urbancrest village, Ohio",1569.0,1413.0,0.911,ACS 2024 5-year B08601 (workplace geography): car/truck/van ÷ (total − worked from home); pulled 2026-09-26; blank = not published,18.0,1551.0
place,3979282,"Valleyview village, Ohio",,,,ACS 2024 5-year B08601 (workplace geography): car/truck/van ÷ (total − worked from home); pulled 2026-09-26; blank = not published,,
place,3983342,"Westerville city, Ohio",32845.0,26566.0,0.9604,ACS 2024 5-year B08601 (workplace geography): car/truck/van ÷ (total − worked from home); pulled 2026-09-26; blank = not published,5183.0,27662.0
place,3984742,"Whitehall city, Ohio",14494.0,12662.0,0.9432,ACS 2024 5-year B08601 (workplace geography): car/truck/van ÷ (total − worked from home); pulled 2026-09-26; blank = not published,1070.0,13424.0
place,3986604,"Worthington city, Ohio",13806.0,11810.0,0.9699,ACS 2024 5-year B08601 (workplace geography): car/truck/van ÷ (total − worked from home); pulled 2026-09-26; blank = not published,1629.0,12177.0
