jurisdiction,zoning_code,district_name,commercial_parking_use,confidence,confidence_reason,ordinance_citation,verified_date,notes
Columbus,R,Rural,Prohibited,High,commercial pay lot not a permitted principal use in residential districts (SCOPE §5.5),Columbus City Code Title 33 Ch. 3332,,"[VERIFY] Non-accessory (pay) parking lot is not a listed use. Residential district; chapter searched for parking-lot uses, none found."
Columbus,LRR,Limited Rural Residential,Prohibited,High,commercial pay lot not a permitted principal use in residential districts (SCOPE §5.5),Columbus City Code Title 33 Ch. 3332,,"[VERIFY] Non-accessory (pay) parking lot is not a listed use. Residential district; chapter searched for parking-lot uses, none found."
Columbus,RRR,Restricted Rural Residential,Prohibited,High,commercial pay lot not a permitted principal use in residential districts (SCOPE §5.5),Columbus City Code Title 33 Ch. 3332,,"[VERIFY] Non-accessory (pay) parking lot is not a listed use. Residential district; chapter searched for parking-lot uses, none found."
Columbus,RR,Rural Residential,Prohibited,High,commercial pay lot not a permitted principal use in residential districts (SCOPE §5.5),Columbus City Code Title 33 Ch. 3332,,"[VERIFY] Non-accessory (pay) parking lot is not a listed use. Residential district; chapter searched for parking-lot uses, none found."
Columbus,SR,Suburban Residential,Prohibited,High,commercial pay lot not a permitted principal use in residential districts (SCOPE §5.5),Columbus City Code Title 33 Ch. 3332,,"[VERIFY] Non-accessory (pay) parking lot is not a listed use. Residential district; chapter searched for parking-lot uses, none found."
Columbus,R-1,Residential,Prohibited,High,commercial pay lot not a permitted principal use in residential districts (SCOPE §5.5),Columbus City Code Title 33 Ch. 3332,,"[VERIFY] Non-accessory (pay) parking lot is not a listed use. Residential district; chapter searched for parking-lot uses, none found."
Columbus,R-2,Residential,Prohibited,High,commercial pay lot not a permitted principal use in residential districts (SCOPE §5.5),Columbus City Code Title 33 Ch. 3332,,"[VERIFY] Non-accessory (pay) parking lot is not a listed use. Residential district; chapter searched for parking-lot uses, none found."
Columbus,R-3,Residential,Prohibited,High,commercial pay lot not a permitted principal use in residential districts (SCOPE §5.5),Columbus City Code Title 33 Ch. 3332,,"[VERIFY] Non-accessory (pay) parking lot is not a listed use. Residential district; chapter searched for parking-lot uses, none found."
Columbus,R-2F,Residential (1-2 family),Prohibited,High,commercial pay lot not a permitted principal use in residential districts (SCOPE §5.5),Columbus City Code Title 33 Ch. 3332,,"[VERIFY] Non-accessory (pay) parking lot is not a listed use. Residential district; chapter searched for parking-lot uses, none found."
Columbus,R-4,Residential (1-4 family),Prohibited,High,commercial pay lot not a permitted principal use in residential districts (SCOPE §5.5),Columbus City Code Title 33 Ch. 3332,,"[VERIFY] Non-accessory (pay) parking lot is not a listed use. Residential district; chapter searched for parking-lot uses, none found."
Columbus,AR-12,Apartment Residential,Prohibited,High,commercial pay lot not a permitted principal use in residential districts (SCOPE §5.5),Columbus City Code Title 33 Ch. 3333,,"[VERIFY] Non-accessory (pay) parking lot is not a listed use. Chapter searched for parking-lot uses, none found."
Columbus,ARLD,Apartment Residential Low-Density,Prohibited,High,commercial pay lot not a permitted principal use in residential districts (SCOPE §5.5),Columbus City Code Title 33 Ch. 3333,,"[VERIFY] Non-accessory (pay) parking lot is not a listed use. Chapter searched for parking-lot uses, none found."
Columbus,AR-1,Apartment Residential,Prohibited,High,commercial pay lot not a permitted principal use in residential districts (SCOPE §5.5),Columbus City Code Title 33 Ch. 3333,,"[VERIFY] Non-accessory (pay) parking lot is not a listed use. Chapter searched for parking-lot uses, none found."
Columbus,AR-2,Apartment Residential,Prohibited,High,commercial pay lot not a permitted principal use in residential districts (SCOPE §5.5),Columbus City Code Title 33 Ch. 3333,,"[VERIFY] Non-accessory (pay) parking lot is not a listed use. Chapter searched for parking-lot uses, none found."
Columbus,AR-3,Apartment Residential,Prohibited,High,commercial pay lot not a permitted principal use in residential districts (SCOPE §5.5),Columbus City Code Title 33 Ch. 3333,,"[VERIFY] Non-accessory (pay) parking lot is not a listed use. Chapter searched for parking-lot uses, none found."
Columbus,AR-4,Apartment Residential,Prohibited,High,commercial pay lot not a permitted principal use in residential districts (SCOPE §5.5),Columbus City Code Title 33 Ch. 3333,,"[VERIFY] Non-accessory (pay) parking lot is not a listed use. Chapter searched for parking-lot uses, none found."
Columbus,AR-O,Apartment Office,Prohibited,High,closed use list ('except'/'only'); parking lot absent,Columbus City Code Title 33 §3333.04,,[VERIFY] Closed list ('other than one or more of the following specified uses'); parking lot not listed.
Columbus,MHD,Manufactured Home Development,Prohibited,High,commercial pay lot not a permitted principal use in residential districts (SCOPE §5.5),Columbus City Code Title 33 Ch. 3332,,[VERIFY] Non-accessory (pay) parking lot is not a listed use. Not reviewed section by section.
Columbus,MHP,Manufactured Home Park,Prohibited,High,commercial pay lot not a permitted principal use in residential districts (SCOPE §5.5),Columbus City Code Title 33 Ch. 3343,,[VERIFY] Non-accessory (pay) parking lot is not a listed use. Not reviewed section by section.
Columbus,PUD,Planned Unit Development,Unknown,High,uses fixed by site-specific registered text by definition,Columbus City Code Title 33 Ch. 3345,,[VERIFY] Uses set by each PUD's registered plan/text; read the parcel's zoning ordinance.
Columbus,PC,Planned Community,Unknown,High,uses fixed by site-specific registered text by definition,Columbus City Code Title 33 Ch. 3347,,[VERIFY] Uses set by each PC's registered plan/text; read the parcel's zoning ordinance.
Columbus,I,Institutional,Prohibited,High,closed use list ('except'/'only'); parking lot absent,Columbus City Code Title 33 §3349.03,,[VERIFY] Closed list ('any use or purpose except'); parking lot not listed.
Columbus,C-1,Neighborhood Commercial,Prohibited,Low,not listed; use list is expressly non-exhaustive (director discretion),Columbus City Code Title 33 §3351.03,,[VERIFY] Parking lot not listed. The list is expressly non-exhaustive: the director may admit an unlisted use of similar character (§3351.03).
Columbus,C-2,Office Commercial,Prohibited,Low,not listed; use list is expressly non-exhaustive (director discretion),Columbus City Code Title 33 Ch. 3353,,[VERIFY] Non-accessory (pay) parking lot is not a listed use. (C-1 and M-2 inherit C-2 uses.)
Columbus,C-3,Community Scale Commercial,ByRight,Medium,explicitly listed; §3389.131 reading pending Building & Zoning confirmation,"Columbus City Code Title 33 §3355.03, §3355.05(D); §3389.131",,"[VERIFY] 'Parking Lots and Parking Garages as allowed in C.C. 3355.05'; §3355.05(D): 'Parking lots and Parking Garages, (Both Private and Public)', with frontage rules when dwellings are above. Note: §3389.131 also says 'A special permit shall be required for the establishment of any nonaccessory parking lot'; read here as applying to TEMPORARY lots (Title 34 Table E.20.100.A fn. 4 treats it the same way). If read broadly, reclassify as Conditional."
Columbus,C-4,Regional Scale Commercial,ByRight,Medium,explicitly listed; §3389.131 reading pending Building & Zoning confirmation,"Columbus City Code Title 33 §3356.03, §3356.05(F); §3389.131",,"[VERIFY] 'Parking Lots and Parking Garages as allowed in C.C. 3356.05'; §3356.05(F): 'Parking Lots and Garages, (Both Private and Public)'. Note: §3389.131 also says 'A special permit shall be required for the establishment of any nonaccessory parking lot'; read here as applying to TEMPORARY lots (Title 34 Table E.20.100.A fn. 4 treats it the same way). If read broadly, reclassify as Conditional."
Columbus,C-5,Highway Oriented Commercial,Prohibited,High,closed use list ('except'/'only'); parking lot absent,Columbus City Code Title 33 §3357.01,,"[VERIFY] Closed list ('the only uses permitted'): fuel/service stations, carry-outs, car washes, drive-ins, in-car food service, fast food."
Columbus,CPD,Commercial Planned Development,Unknown,High,uses fixed by site-specific registered text by definition,Columbus City Code Title 33 §3361.02,,[VERIFY] Uses of I and C-1..C-5 as fixed by the approved development plan/text; read the parcel's CPD text.
Columbus,DD,Downtown District (parking zone not yet determined),Unknown,Medium,"parking zone (A/B) not determined: Zone A prohibits new lots, Zone B is conditional","Columbus City Code Title 33 §3359.17(A), §3359.07(B), §3359.27",,"[VERIFY] Permitted uses include any use permitted in any commercial, manufacturing or parking district; installing a parking lot needs a Certificate of Appropriateness (Downtown Commission design review). Determine the parcel's parking zone (Map 2 / zoning map) to apply the rows below."
Columbus,DD|ParkingZoneA,Downtown District - Parking Zone A,Prohibited,High,explicit: non-accessory surface parking not permitted,Columbus City Code Title 33 §3359.27(C),,"[VERIFY] 'Except for exceptions defined herein, non-accessory surface parking is not permitted'; no temporary-lot special permit; lots established before 15 Jan 1999 are non-conforming."
Columbus,DD|ParkingZoneB,Downtown District - Parking Zone B,Conditional,High,"explicit: permitted, subject to Certificate of Appropriateness","Columbus City Code Title 33 §3359.27(D), §3359.07(B)",,"[VERIFY] 'Non-accessory surface parking is permitted', subject to Certificate of Appropriateness design review; no temporary-lot special permit."
Columbus,EFD,East Franklinton District,Prohibited,Low,not listed; use list is expressly non-exhaustive (director discretion),Columbus City Code Title 33 §3323.19,,"[VERIFY] Use table lists only 'Surface parking, accessory' (AU) and structured parking; a non-accessory surface lot is not listed (list non-exhaustive, director discretion). Parcels in the East Franklinton Overlay follow Title 34 UCR (also Not Allowed)."
Columbus,M,Manufacturing,ByRight,Medium,explicitly listed; §3389.131 reading pending Building & Zoning confirmation,Columbus City Code Title 33 §3363.01; §3389.131,,"[VERIFY] Permits the uses of C-1..C-4 and of the P-1 and P-2 parking districts. Note: §3389.131 also says 'A special permit shall be required for the establishment of any nonaccessory parking lot'; read here as applying to TEMPORARY lots (Title 34 Table E.20.100.A fn. 4 treats it the same way). If read broadly, reclassify as Conditional."
Columbus,M-1,Manufacturing (general industrial),Prohibited,High,closed use list ('except'/'only'); parking lot absent,Columbus City Code Title 33 §3365.01,,[VERIFY] Own use list only (§§3365.02-3365.15); parking lot not listed.
Columbus,M-2,Manufacturing (limited industrial and office),Prohibited,Low,"own list closed, but inherits C-2's non-exhaustive list",Columbus City Code Title 33 §3367.01,,[VERIFY] Own list plus non-residential C-2 uses; parking lot not listed.
Columbus,EQ,Excavation and Quarrying,Prohibited,Low,reading based on 'not listed',Columbus City Code Title 33 Ch. 3369,,[VERIFY] Non-accessory (pay) parking lot is not a listed use.
Columbus,P-1,Private Parking,Prohibited,High,explicit: parking 'without charge',Columbus City Code Title 33 §3371.01(a),,[VERIFY] 'Parking area without charge'; a paid lot needs rezoning (e.g. to P-2).
Columbus,P-2,Public Parking,ByRight,High,explicit: 'a charge ... may be made',Columbus City Code Title 33 §3373.01(a),,[VERIFY] 'A charge for the use of the parking facilities may be made'; no structures.
Columbus,UCRPD,University-College Research Park,Prohibited,High,closed use list ('except'/'only'); parking lot absent,Columbus City Code Title 33 §3374.02,,[VERIFY] Closed list; parking lot not listed.
Columbus,NG,Neighborhood General (TND),Prohibited,Low,not listed; use list is expressly non-exhaustive (director discretion),Columbus City Code Title 33 Ch. 3320,,[VERIFY] TND use tables have no principal-use parking category; parking appears only as accessory (mid-block) lots. Lower confidence; confirm.
Columbus,NC,Neighborhood Center (TND),Prohibited,Low,not listed; use list is expressly non-exhaustive (director discretion),Columbus City Code Title 33 Ch. 3320,,[VERIFY] TND use tables have no principal-use parking category; parking appears only as accessory (mid-block) lots. Lower confidence; confirm.
Columbus,TC,Town Center (TND),Prohibited,Low,not listed; use list is expressly non-exhaustive (director discretion),Columbus City Code Title 33 Ch. 3320,,[VERIFY] TND use tables have no principal-use parking category; parking appears only as accessory (mid-block) lots. Lower confidence; confirm.
Columbus,NE,Neighborhood Edge (TND),Prohibited,Low,not listed; use list is expressly non-exhaustive (director discretion),Columbus City Code Title 33 Ch. 3320,,[VERIFY] TND use tables have no principal-use parking category; parking appears only as accessory (mid-block) lots. Lower confidence; confirm.
Columbus,L-*,"Any district with the Limited (L-) overlay (GIS codes like LC4, LAR12, LM)",Unknown,High,"rule row: base district result, always routed to Review",Columbus City Code Title 33 Ch. 3370,,[VERIFY] RULE ROW: the parcel takes its BASE district's result (e.g. LC4 -> C-4) and is always routed to Review with reason 'limitation text applies' (the limitation ordinance can restrict uses).
Columbus,overlay:UCO,Urban Commercial Overlay (any),ByRight,High,§3372.05: overlay keeps the underlying district's uses,"Columbus City Code Title 33 §3372.05, §3372.609",,"[VERIFY] Uses unchanged (§3372.05: premises may be used for uses permitted by the underlying zoning). UCO/CCO add a site rule: parking, stacking and circulation aisles not permitted between the principal building and the street. RCO site standards not yet read. Add the design rule to the screen reason."
Columbus,overlay:CCO,Community Commercial Overlay (any),ByRight,High,§3372.05: overlay keeps the underlying district's uses,"Columbus City Code Title 33 §3372.05, §3372.709",,"[VERIFY] Uses unchanged (§3372.05: premises may be used for uses permitted by the underlying zoning). UCO/CCO add a site rule: parking, stacking and circulation aisles not permitted between the principal building and the street. RCO site standards not yet read. Add the design rule to the screen reason."
Columbus,overlay:RCO,Regional Commercial Overlay (any),ByRight,High,§3372.05: overlay keeps the underlying district's uses,Columbus City Code Title 33 §3372.05,,"[VERIFY] Uses unchanged (§3372.05: premises may be used for uses permitted by the underlying zoning). UCO/CCO add a site rule: parking, stacking and circulation aisles not permitted between the principal building and the street. RCO site standards not yet read. Add the design rule to the screen reason."
Columbus,overlay:University/NC,University District overlay - Neighborhood Commercial subarea,Unknown,Medium,"siting rule, not a use rule; standalone lot likely needs a variance","Columbus City Code Title 33 §3325.201, §3325.231",,"[VERIFY] Uses unchanged (subarea 'does not alter the underlying zoning district or permitted uses'), but 'Parking lots and accessory buildings shall be located behind a principal building': a standalone surface lot conflicts. Route to Review."
Columbus,overlay:University/RC,University District overlay - Regional Commercial subarea,Unknown,Medium,"siting rule, not a use rule; standalone lot likely needs a variance","Columbus City Code Title 33 §3325.301, §3325.331",,"[VERIFY] Uses unchanged (subarea 'does not alter the underlying zoning district or permitted uses'), but 'Parking lots and accessory buildings shall be located behind a principal building': a standalone surface lot conflicts. Route to Review."
Columbus,UGN-1,Urban General 1,Prohibited,High,explicit cell in Title 34 Table E.20.100.A,"Columbus City Code Title 34 (2024 Zoning Code, July 2025 ed.) Table E.20.100.A",,"[VERIFY] 'Parking Lot (non-accessory, private)': Not Allowed. Temporary lots need a special permit (fn. 4; Ch. 3389)."
Columbus,UGN-2,Urban General 2,Prohibited,High,explicit cell in Title 34 Table E.20.100.A,"Columbus City Code Title 34 (2024 Zoning Code, July 2025 ed.) Table E.20.100.A",,"[VERIFY] 'Parking Lot (non-accessory, private)': Not Allowed. Temporary lots need a special permit (fn. 4; Ch. 3389)."
Columbus,UCT,Urban Center,Prohibited,High,explicit cell in Title 34 Table E.20.100.A,"Columbus City Code Title 34 (2024 Zoning Code, July 2025 ed.) Table E.20.100.A",,"[VERIFY] 'Parking Lot (non-accessory, private)': Not Allowed. Temporary lots need a special permit (fn. 4; Ch. 3389)."
Columbus,UCR,Urban Core,Prohibited,High,explicit cell in Title 34 Table E.20.100.A,"Columbus City Code Title 34 (2024 Zoning Code, July 2025 ed.) Table E.20.100.A",,"[VERIFY] 'Parking Lot (non-accessory, private)': Not Allowed. Temporary lots need a special permit (fn. 4; Ch. 3389)."
Columbus,UCR-R,Urban Core Restricted,Prohibited,High,explicit cell in Title 34 Table E.20.100.A,"Columbus City Code Title 34 (2024 Zoning Code, July 2025 ed.) Table E.20.100.A",,"[VERIFY] 'Parking Lot (non-accessory, private)': Not Allowed. Temporary lots need a special permit (fn. 4; Ch. 3389)."
Columbus,CAC,Community Activity Center,ByRight,High,explicit cell in Title 34 Table E.20.100.A,"Columbus City Code Title 34 (2024 Zoning Code, July 2025 ed.) Table E.20.100.A",,"[VERIFY] 'Parking Lot (non-accessory, private)': Allowed."
Columbus,RAC,Regional Activity Center,ByRight,High,explicit cell in Title 34 Table E.20.100.A,"Columbus City Code Title 34 (2024 Zoning Code, July 2025 ed.) Table E.20.100.A",,"[VERIFY] 'Parking Lot (non-accessory, private)': Allowed."
Columbus,*,Any Columbus code not listed above,Unknown,Low,not yet classified,-,,[VERIFY] Not yet classified; screen as Review.
*,*,"All other jurisdictions (Dublin, Worthington, Upper Arlington, Grandview Heights, Bexley, Westerville, Hilliard, Grove City, Gahanna, Reynoldsburg, Whitehall, New Albany, Groveport, Canal Winchester, Obetz, unincorporated townships, ...)",Unknown,Low,not yet classified,-,,"[VERIFY] Not yet in the table: Unknown -> Review, never Fail (market decision)."
